0 verbose cli /usr/bin/node /usr/bin/npm
1 info using npm@9.2.0
2 info using node@v22.22.1
3 timing npm:load:whichnode Completed in 1ms
4 timing config:load:defaults Completed in 1ms
5 timing config:load:file:/usr/share/nodejs/npm/npmrc Completed in 8ms
6 timing config:load:builtin Completed in 8ms
7 timing config:load:cli Completed in 2ms
8 timing config:load:env Completed in 1ms
9 timing config:load:file:/opt/TalentPing/frontend/.npmrc Completed in 0ms
10 timing config:load:project Completed in 6ms
11 timing config:load:file:/opt/TalentPing/.npmrc Completed in 0ms
12 timing config:load:user Completed in 0ms
13 timing config:load:file:/etc/npmrc Completed in 0ms
14 timing config:load:global Completed in 0ms
15 timing config:load:setEnvs Completed in 1ms
16 timing config:load Completed in 21ms
17 timing npm:load:configload Completed in 21ms
18 timing npm:load:mkdirpcache Completed in 0ms
19 timing npm:load:mkdirplogs Completed in 0ms
20 verbose title npm ci
21 verbose argv "ci" "--no-audit" "--no-fund"
22 timing npm:load:setTitle Completed in 1ms
23 timing config:load:flatten Completed in 3ms
24 timing npm:load:display Completed in 4ms
25 verbose logfile logs-max:10 dir:/opt/TalentPing/.npm/_logs/2026-07-30T01_51_21_302Z-
26 verbose logfile /opt/TalentPing/.npm/_logs/2026-07-30T01_51_21_302Z-debug-0.log
27 timing npm:load:logFile Completed in 9ms
28 timing npm:load:timers Completed in 0ms
29 timing npm:load:configScope Completed in 1ms
30 timing npm:load Completed in 37ms
31 timing config:load:flatten Completed in 0ms
32 timing arborist:ctor Completed in 0ms
33 silly logfile done cleaning log files
34 timing idealTree:init Completed in 2ms
35 timing idealTree:userRequests Completed in 0ms
36 silly idealTree buildDeps
37 timing idealTree:#root Completed in 0ms
38 timing idealTree:buildDeps Completed in 2ms
39 timing idealTree:fixDepFlags Completed in 0ms
40 timing idealTree Completed in 8ms
41 timing npm-ci:rm Completed in 1ms
42 timing reify:loadTrees Completed in 3ms
43 timing reify:diffTrees Completed in 3ms
44 silly reify moves {}
45 timing reify:retireShallow Completed in 1ms
46 timing reify:createSparse Completed in 26ms
47 timing reify:loadBundles Completed in 0ms
48 verbose reify failed optional dependency /opt/TalentPing/frontend/node_modules/fsevents
49 silly reify mark deleted [ '/opt/TalentPing/frontend/node_modules/fsevents' ]
50 verbose reify failed optional dependency /opt/TalentPing/frontend/node_modules/@rollup/rollup-win32-x64-msvc
51 silly reify mark deleted [
51 silly reify   '/opt/TalentPing/frontend/node_modules/@rollup/rollup-win32-x64-msvc'
51 silly reify ]
52 verbose reify failed optional dependency /opt/TalentPing/frontend/node_modules/@rollup/rollup-win32-x64-gnu
53 silly reify mark deleted [
53 silly reify   '/opt/TalentPing/frontend/node_modules/@rollup/rollup-win32-x64-gnu'
53 silly reify ]
54 verbose reify failed optional dependency /opt/TalentPing/frontend/node_modules/@rollup/rollup-win32-ia32-msvc
55 silly reify mark deleted [
55 silly reify   '/opt/TalentPing/frontend/node_modules/@rollup/rollup-win32-ia32-msvc'
55 silly reify ]
56 verbose reify failed optional dependency /opt/TalentPing/frontend/node_modules/@rollup/rollup-win32-arm64-msvc
57 silly reify mark deleted [
57 silly reify   '/opt/TalentPing/frontend/node_modules/@rollup/rollup-win32-arm64-msvc'
57 silly reify ]
58 verbose reify failed optional dependency /opt/TalentPing/frontend/node_modules/@rollup/rollup-openharmony-arm64
59 silly reify mark deleted [
59 silly reify   '/opt/TalentPing/frontend/node_modules/@rollup/rollup-openharmony-arm64'
59 silly reify ]
60 verbose reify failed optional dependency /opt/TalentPing/frontend/node_modules/@rollup/rollup-openbsd-x64
61 silly reify mark deleted [ '/opt/TalentPing/frontend/node_modules/@rollup/rollup-openbsd-x64' ]
62 verbose reify failed optional dependency /opt/TalentPing/frontend/node_modules/@rollup/rollup-linux-s390x-gnu
63 silly reify mark deleted [
63 silly reify   '/opt/TalentPing/frontend/node_modules/@rollup/rollup-linux-s390x-gnu'
63 silly reify ]
64 verbose reify failed optional dependency /opt/TalentPing/frontend/node_modules/@rollup/rollup-linux-riscv64-musl
65 silly reify mark deleted [
65 silly reify   '/opt/TalentPing/frontend/node_modules/@rollup/rollup-linux-riscv64-musl'
65 silly reify ]
66 verbose reify failed optional dependency /opt/TalentPing/frontend/node_modules/@rollup/rollup-linux-riscv64-gnu
67 silly reify mark deleted [
67 silly reify   '/opt/TalentPing/frontend/node_modules/@rollup/rollup-linux-riscv64-gnu'
67 silly reify ]
68 verbose reify failed optional dependency /opt/TalentPing/frontend/node_modules/@rollup/rollup-linux-ppc64-musl
69 silly reify mark deleted [
69 silly reify   '/opt/TalentPing/frontend/node_modules/@rollup/rollup-linux-ppc64-musl'
69 silly reify ]
70 verbose reify failed optional dependency /opt/TalentPing/frontend/node_modules/@rollup/rollup-linux-ppc64-gnu
71 silly reify mark deleted [
71 silly reify   '/opt/TalentPing/frontend/node_modules/@rollup/rollup-linux-ppc64-gnu'
71 silly reify ]
72 verbose reify failed optional dependency /opt/TalentPing/frontend/node_modules/@rollup/rollup-linux-loong64-musl
73 silly reify mark deleted [
73 silly reify   '/opt/TalentPing/frontend/node_modules/@rollup/rollup-linux-loong64-musl'
73 silly reify ]
74 verbose reify failed optional dependency /opt/TalentPing/frontend/node_modules/@rollup/rollup-linux-loong64-gnu
75 silly reify mark deleted [
75 silly reify   '/opt/TalentPing/frontend/node_modules/@rollup/rollup-linux-loong64-gnu'
75 silly reify ]
76 verbose reify failed optional dependency /opt/TalentPing/frontend/node_modules/@rollup/rollup-linux-arm64-musl
77 silly reify mark deleted [
77 silly reify   '/opt/TalentPing/frontend/node_modules/@rollup/rollup-linux-arm64-musl'
77 silly reify ]
78 verbose reify failed optional dependency /opt/TalentPing/frontend/node_modules/@rollup/rollup-linux-arm64-gnu
79 silly reify mark deleted [
79 silly reify   '/opt/TalentPing/frontend/node_modules/@rollup/rollup-linux-arm64-gnu'
79 silly reify ]
80 verbose reify failed optional dependency /opt/TalentPing/frontend/node_modules/@rollup/rollup-linux-arm-musleabihf
81 silly reify mark deleted [
81 silly reify   '/opt/TalentPing/frontend/node_modules/@rollup/rollup-linux-arm-musleabihf'
81 silly reify ]
82 verbose reify failed optional dependency /opt/TalentPing/frontend/node_modules/@rollup/rollup-linux-arm-gnueabihf
83 silly reify mark deleted [
83 silly reify   '/opt/TalentPing/frontend/node_modules/@rollup/rollup-linux-arm-gnueabihf'
83 silly reify ]
84 verbose reify failed optional dependency /opt/TalentPing/frontend/node_modules/@rollup/rollup-freebsd-x64
85 silly reify mark deleted [ '/opt/TalentPing/frontend/node_modules/@rollup/rollup-freebsd-x64' ]
86 verbose reify failed optional dependency /opt/TalentPing/frontend/node_modules/@rollup/rollup-freebsd-arm64
87 silly reify mark deleted [
87 silly reify   '/opt/TalentPing/frontend/node_modules/@rollup/rollup-freebsd-arm64'
87 silly reify ]
88 verbose reify failed optional dependency /opt/TalentPing/frontend/node_modules/@rollup/rollup-darwin-x64
89 silly reify mark deleted [ '/opt/TalentPing/frontend/node_modules/@rollup/rollup-darwin-x64' ]
90 verbose reify failed optional dependency /opt/TalentPing/frontend/node_modules/@rollup/rollup-darwin-arm64
91 silly reify mark deleted [ '/opt/TalentPing/frontend/node_modules/@rollup/rollup-darwin-arm64' ]
92 verbose reify failed optional dependency /opt/TalentPing/frontend/node_modules/@rollup/rollup-android-arm64
93 silly reify mark deleted [
93 silly reify   '/opt/TalentPing/frontend/node_modules/@rollup/rollup-android-arm64'
93 silly reify ]
94 verbose reify failed optional dependency /opt/TalentPing/frontend/node_modules/@rollup/rollup-android-arm-eabi
95 silly reify mark deleted [
95 silly reify   '/opt/TalentPing/frontend/node_modules/@rollup/rollup-android-arm-eabi'
95 silly reify ]
96 verbose reify failed optional dependency /opt/TalentPing/frontend/node_modules/@esbuild/win32-x64
97 silly reify mark deleted [ '/opt/TalentPing/frontend/node_modules/@esbuild/win32-x64' ]
98 verbose reify failed optional dependency /opt/TalentPing/frontend/node_modules/@esbuild/win32-ia32
99 silly reify mark deleted [ '/opt/TalentPing/frontend/node_modules/@esbuild/win32-ia32' ]
100 verbose reify failed optional dependency /opt/TalentPing/frontend/node_modules/@esbuild/win32-arm64
101 silly reify mark deleted [ '/opt/TalentPing/frontend/node_modules/@esbuild/win32-arm64' ]
102 verbose reify failed optional dependency /opt/TalentPing/frontend/node_modules/@esbuild/sunos-x64
103 silly reify mark deleted [ '/opt/TalentPing/frontend/node_modules/@esbuild/sunos-x64' ]
104 verbose reify failed optional dependency /opt/TalentPing/frontend/node_modules/@esbuild/openbsd-x64
105 silly reify mark deleted [ '/opt/TalentPing/frontend/node_modules/@esbuild/openbsd-x64' ]
106 verbose reify failed optional dependency /opt/TalentPing/frontend/node_modules/@esbuild/netbsd-x64
107 silly reify mark deleted [ '/opt/TalentPing/frontend/node_modules/@esbuild/netbsd-x64' ]
108 verbose reify failed optional dependency /opt/TalentPing/frontend/node_modules/@esbuild/linux-s390x
109 silly reify mark deleted [ '/opt/TalentPing/frontend/node_modules/@esbuild/linux-s390x' ]
110 verbose reify failed optional dependency /opt/TalentPing/frontend/node_modules/@esbuild/linux-riscv64
111 silly reify mark deleted [ '/opt/TalentPing/frontend/node_modules/@esbuild/linux-riscv64' ]
112 verbose reify failed optional dependency /opt/TalentPing/frontend/node_modules/@esbuild/linux-ppc64
113 silly reify mark deleted [ '/opt/TalentPing/frontend/node_modules/@esbuild/linux-ppc64' ]
114 verbose reify failed optional dependency /opt/TalentPing/frontend/node_modules/@esbuild/linux-mips64el
115 silly reify mark deleted [ '/opt/TalentPing/frontend/node_modules/@esbuild/linux-mips64el' ]
116 verbose reify failed optional dependency /opt/TalentPing/frontend/node_modules/@esbuild/linux-loong64
117 silly reify mark deleted [ '/opt/TalentPing/frontend/node_modules/@esbuild/linux-loong64' ]
118 verbose reify failed optional dependency /opt/TalentPing/frontend/node_modules/@esbuild/linux-ia32
119 silly reify mark deleted [ '/opt/TalentPing/frontend/node_modules/@esbuild/linux-ia32' ]
120 verbose reify failed optional dependency /opt/TalentPing/frontend/node_modules/@esbuild/linux-arm64
121 silly reify mark deleted [ '/opt/TalentPing/frontend/node_modules/@esbuild/linux-arm64' ]
122 verbose reify failed optional dependency /opt/TalentPing/frontend/node_modules/@esbuild/linux-arm
123 silly reify mark deleted [ '/opt/TalentPing/frontend/node_modules/@esbuild/linux-arm' ]
124 verbose reify failed optional dependency /opt/TalentPing/frontend/node_modules/@esbuild/freebsd-x64
125 silly reify mark deleted [ '/opt/TalentPing/frontend/node_modules/@esbuild/freebsd-x64' ]
126 verbose reify failed optional dependency /opt/TalentPing/frontend/node_modules/@esbuild/freebsd-arm64
127 silly reify mark deleted [ '/opt/TalentPing/frontend/node_modules/@esbuild/freebsd-arm64' ]
128 verbose reify failed optional dependency /opt/TalentPing/frontend/node_modules/@esbuild/darwin-x64
129 silly reify mark deleted [ '/opt/TalentPing/frontend/node_modules/@esbuild/darwin-x64' ]
130 verbose reify failed optional dependency /opt/TalentPing/frontend/node_modules/@esbuild/darwin-arm64
131 silly reify mark deleted [ '/opt/TalentPing/frontend/node_modules/@esbuild/darwin-arm64' ]
132 verbose reify failed optional dependency /opt/TalentPing/frontend/node_modules/@esbuild/android-x64
133 silly reify mark deleted [ '/opt/TalentPing/frontend/node_modules/@esbuild/android-x64' ]
134 verbose reify failed optional dependency /opt/TalentPing/frontend/node_modules/@esbuild/android-arm64
135 silly reify mark deleted [ '/opt/TalentPing/frontend/node_modules/@esbuild/android-arm64' ]
136 verbose reify failed optional dependency /opt/TalentPing/frontend/node_modules/@esbuild/android-arm
137 silly reify mark deleted [ '/opt/TalentPing/frontend/node_modules/@esbuild/android-arm' ]
138 verbose reify failed optional dependency /opt/TalentPing/frontend/node_modules/@esbuild/aix-ppc64
139 silly reify mark deleted [ '/opt/TalentPing/frontend/node_modules/@esbuild/aix-ppc64' ]
140 timing reifyNode:node_modules/fsevents Completed in 42ms
141 timing reifyNode:node_modules/@rollup/rollup-win32-x64-msvc Completed in 41ms
142 timing reifyNode:node_modules/@rollup/rollup-win32-x64-gnu Completed in 41ms
143 timing reifyNode:node_modules/@rollup/rollup-win32-ia32-msvc Completed in 41ms
144 timing reifyNode:node_modules/@rollup/rollup-win32-arm64-msvc Completed in 41ms
145 timing reifyNode:node_modules/@rollup/rollup-openharmony-arm64 Completed in 41ms
146 timing reifyNode:node_modules/@rollup/rollup-openbsd-x64 Completed in 41ms
147 timing reifyNode:node_modules/@rollup/rollup-linux-s390x-gnu Completed in 41ms
148 timing reifyNode:node_modules/@rollup/rollup-linux-riscv64-musl Completed in 41ms
149 timing reifyNode:node_modules/@rollup/rollup-linux-riscv64-gnu Completed in 41ms
150 timing reifyNode:node_modules/@rollup/rollup-linux-ppc64-musl Completed in 41ms
151 timing reifyNode:node_modules/@rollup/rollup-linux-ppc64-gnu Completed in 41ms
152 timing reifyNode:node_modules/@rollup/rollup-linux-loong64-musl Completed in 41ms
153 timing reifyNode:node_modules/@rollup/rollup-linux-loong64-gnu Completed in 41ms
154 timing reifyNode:node_modules/@rollup/rollup-linux-arm64-musl Completed in 41ms
155 timing reifyNode:node_modules/@rollup/rollup-linux-arm64-gnu Completed in 41ms
156 timing reifyNode:node_modules/@rollup/rollup-linux-arm-musleabihf Completed in 41ms
157 timing reifyNode:node_modules/@rollup/rollup-linux-arm-gnueabihf Completed in 41ms
158 timing reifyNode:node_modules/@rollup/rollup-freebsd-x64 Completed in 41ms
159 timing reifyNode:node_modules/@rollup/rollup-freebsd-arm64 Completed in 41ms
160 timing reifyNode:node_modules/@rollup/rollup-darwin-x64 Completed in 41ms
161 timing reifyNode:node_modules/@rollup/rollup-darwin-arm64 Completed in 41ms
162 timing reifyNode:node_modules/@rollup/rollup-android-arm64 Completed in 41ms
163 timing reifyNode:node_modules/@rollup/rollup-android-arm-eabi Completed in 41ms
164 timing reifyNode:node_modules/@esbuild/win32-x64 Completed in 41ms
165 timing reifyNode:node_modules/@esbuild/win32-ia32 Completed in 41ms
166 timing reifyNode:node_modules/@esbuild/win32-arm64 Completed in 41ms
167 timing reifyNode:node_modules/@esbuild/sunos-x64 Completed in 41ms
168 timing reifyNode:node_modules/@esbuild/openbsd-x64 Completed in 41ms
169 timing reifyNode:node_modules/@esbuild/netbsd-x64 Completed in 41ms
170 timing reifyNode:node_modules/@esbuild/linux-s390x Completed in 41ms
171 timing reifyNode:node_modules/@esbuild/linux-riscv64 Completed in 41ms
172 timing reifyNode:node_modules/@esbuild/linux-ppc64 Completed in 42ms
173 timing reifyNode:node_modules/@esbuild/linux-mips64el Completed in 42ms
174 timing reifyNode:node_modules/@esbuild/linux-loong64 Completed in 42ms
175 timing reifyNode:node_modules/@esbuild/linux-ia32 Completed in 42ms
176 timing reifyNode:node_modules/@esbuild/linux-arm64 Completed in 42ms
177 timing reifyNode:node_modules/@esbuild/linux-arm Completed in 42ms
178 timing reifyNode:node_modules/@esbuild/freebsd-x64 Completed in 42ms
179 timing reifyNode:node_modules/@esbuild/freebsd-arm64 Completed in 42ms
180 timing reifyNode:node_modules/@esbuild/darwin-x64 Completed in 42ms
181 timing reifyNode:node_modules/@esbuild/darwin-arm64 Completed in 42ms
182 timing reifyNode:node_modules/@esbuild/android-x64 Completed in 42ms
183 timing reifyNode:node_modules/@esbuild/android-arm64 Completed in 42ms
184 timing reifyNode:node_modules/@esbuild/android-arm Completed in 42ms
185 timing reifyNode:node_modules/@esbuild/aix-ppc64 Completed in 42ms
186 silly tarball no local data for yallist@https://registry.npmjs.org/yallist/-/yallist-3.1.1.tgz. Extracting by manifest.
187 silly tarball no local data for xmlchars@https://registry.npmjs.org/xmlchars/-/xmlchars-2.2.0.tgz. Extracting by manifest.
188 silly tarball no local data for whatwg-url@https://registry.npmjs.org/whatwg-url/-/whatwg-url-14.2.0.tgz. Extracting by manifest.
189 silly tarball no local data for why-is-node-running@https://registry.npmjs.org/why-is-node-running/-/why-is-node-running-2.3.0.tgz. Extracting by manifest.
190 silly tarball no local data for whatwg-mimetype@https://registry.npmjs.org/whatwg-mimetype/-/whatwg-mimetype-4.0.0.tgz. Extracting by manifest.
191 silly tarball no local data for whatwg-encoding@https://registry.npmjs.org/whatwg-encoding/-/whatwg-encoding-3.1.1.tgz. Extracting by manifest.
192 silly tarball no local data for webidl-conversions@https://registry.npmjs.org/webidl-conversions/-/webidl-conversions-7.0.0.tgz. Extracting by manifest.
193 silly tarball no local data for w3c-xmlserializer@https://registry.npmjs.org/w3c-xmlserializer/-/w3c-xmlserializer-5.0.0.tgz. Extracting by manifest.
194 silly tarball no local data for vitest@https://registry.npmjs.org/vitest/-/vitest-2.1.9.tgz. Extracting by manifest.
195 silly tarball no local data for vite-node@https://registry.npmjs.org/vite-node/-/vite-node-2.1.9.tgz. Extracting by manifest.
196 silly tarball no local data for util-deprecate@https://registry.npmjs.org/util-deprecate/-/util-deprecate-1.0.2.tgz. Extracting by manifest.
197 silly tarball no local data for vite@https://registry.npmjs.org/vite/-/vite-5.4.21.tgz. Extracting by manifest.
198 silly tarball no local data for update-browserslist-db@https://registry.npmjs.org/update-browserslist-db/-/update-browserslist-db-1.2.3.tgz. Extracting by manifest.
199 silly tarball no local data for ts-interface-checker@https://registry.npmjs.org/ts-interface-checker/-/ts-interface-checker-0.1.13.tgz. Extracting by manifest.
200 silly tarball no local data for tr46@https://registry.npmjs.org/tr46/-/tr46-5.1.1.tgz. Extracting by manifest.
201 silly tarball no local data for tough-cookie@https://registry.npmjs.org/tough-cookie/-/tough-cookie-5.1.2.tgz. Extracting by manifest.
202 silly tarball no local data for to-regex-range@https://registry.npmjs.org/to-regex-range/-/to-regex-range-5.0.1.tgz. Extracting by manifest.
203 silly tarball no local data for tldts-core@https://registry.npmjs.org/tldts-core/-/tldts-core-6.1.86.tgz. Extracting by manifest.
204 silly tarball no local data for tldts@https://registry.npmjs.org/tldts/-/tldts-6.1.86.tgz. Extracting by manifest.
205 silly tarball no local data for tinyspy@https://registry.npmjs.org/tinyspy/-/tinyspy-3.0.2.tgz. Extracting by manifest.
206 silly tarball no local data for tinypool@https://registry.npmjs.org/tinypool/-/tinypool-1.1.1.tgz. Extracting by manifest.
207 silly tarball no local data for tinyrainbow@https://registry.npmjs.org/tinyrainbow/-/tinyrainbow-1.2.0.tgz. Extracting by manifest.
208 silly tarball no local data for tinyexec@https://registry.npmjs.org/tinyexec/-/tinyexec-0.3.2.tgz. Extracting by manifest.
209 silly tarball no local data for tinyglobby@https://registry.npmjs.org/tinyglobby/-/tinyglobby-0.2.17.tgz. Extracting by manifest.
210 silly tarball no local data for tinybench@https://registry.npmjs.org/tinybench/-/tinybench-2.9.0.tgz. Extracting by manifest.
211 silly tarball no local data for thenify-all@https://registry.npmjs.org/thenify-all/-/thenify-all-1.6.0.tgz. Extracting by manifest.
212 silly tarball no local data for thenify@https://registry.npmjs.org/thenify/-/thenify-3.3.1.tgz. Extracting by manifest.
213 silly tarball no local data for tailwindcss@https://registry.npmjs.org/tailwindcss/-/tailwindcss-3.4.19.tgz. Extracting by manifest.
214 silly tarball no local data for symbol-tree@https://registry.npmjs.org/symbol-tree/-/symbol-tree-3.2.4.tgz. Extracting by manifest.
215 silly tarball no local data for supports-preserve-symlinks-flag@https://registry.npmjs.org/supports-preserve-symlinks-flag/-/supports-preserve-symlinks-flag-1.0.0.tgz. Extracting by manifest.
216 silly tarball no local data for sucrase@https://registry.npmjs.org/sucrase/-/sucrase-3.35.1.tgz. Extracting by manifest.
217 silly tarball no local data for strip-indent@https://registry.npmjs.org/strip-indent/-/strip-indent-3.0.0.tgz. Extracting by manifest.
218 silly tarball no local data for std-env@https://registry.npmjs.org/std-env/-/std-env-3.10.0.tgz. Extracting by manifest.
219 silly tarball no local data for stackback@https://registry.npmjs.org/stackback/-/stackback-0.0.2.tgz. Extracting by manifest.
220 silly tarball no local data for source-map-js@https://registry.npmjs.org/source-map-js/-/source-map-js-1.2.1.tgz. Extracting by manifest.
221 silly tarball no local data for siginfo@https://registry.npmjs.org/siginfo/-/siginfo-2.0.0.tgz. Extracting by manifest.
222 silly tarball no local data for scheduler@https://registry.npmjs.org/scheduler/-/scheduler-0.23.2.tgz. Extracting by manifest.
223 silly tarball no local data for semver@https://registry.npmjs.org/semver/-/semver-6.3.1.tgz. Extracting by manifest.
224 silly tarball no local data for saxes@https://registry.npmjs.org/saxes/-/saxes-6.0.0.tgz. Extracting by manifest.
225 silly tarball no local data for safer-buffer@https://registry.npmjs.org/safer-buffer/-/safer-buffer-2.1.2.tgz. Extracting by manifest.
226 silly tarball no local data for rrweb-cssom@https://registry.npmjs.org/rrweb-cssom/-/rrweb-cssom-0.7.1.tgz. Extracting by manifest.
227 silly tarball no local data for run-parallel@https://registry.npmjs.org/run-parallel/-/run-parallel-1.2.0.tgz. Extracting by manifest.
228 silly tarball no local data for rollup@https://registry.npmjs.org/rollup/-/rollup-4.62.2.tgz. Extracting by manifest.
229 silly tarball no local data for reusify@https://registry.npmjs.org/reusify/-/reusify-1.1.0.tgz. Extracting by manifest.
230 silly tarball no local data for resolve@https://registry.npmjs.org/resolve/-/resolve-1.22.12.tgz. Extracting by manifest.
231 silly tarball no local data for redent@https://registry.npmjs.org/redent/-/redent-3.0.0.tgz. Extracting by manifest.
232 silly tarball no local data for read-cache@https://registry.npmjs.org/read-cache/-/read-cache-1.0.0.tgz. Extracting by manifest.
233 silly tarball no local data for readdirp@https://registry.npmjs.org/readdirp/-/readdirp-3.6.0.tgz. Extracting by manifest.
234 silly tarball no local data for ws@https://registry.npmjs.org/ws/-/ws-8.21.1.tgz. Extracting by manifest.
235 silly tarball no local data for react-router-dom@https://registry.npmjs.org/react-router-dom/-/react-router-dom-6.30.4.tgz. Extracting by manifest.
236 silly tarball no local data for xml-name-validator@https://registry.npmjs.org/xml-name-validator/-/xml-name-validator-5.0.0.tgz. Extracting by manifest.
237 silly tarball no local data for react-refresh@https://registry.npmjs.org/react-refresh/-/react-refresh-0.17.0.tgz. Extracting by manifest.
238 silly tarball no local data for react-router@https://registry.npmjs.org/react-router/-/react-router-6.30.4.tgz. Extracting by manifest.
239 silly tarball no local data for react-is@https://registry.npmjs.org/react-is/-/react-is-17.0.2.tgz. Extracting by manifest.
240 silly tarball no local data for react@https://registry.npmjs.org/react/-/react-18.3.1.tgz. Extracting by manifest.
241 silly tarball no local data for react-dom@https://registry.npmjs.org/react-dom/-/react-dom-18.3.1.tgz. Extracting by manifest.
242 silly tarball no local data for queue-microtask@https://registry.npmjs.org/queue-microtask/-/queue-microtask-1.2.3.tgz. Extracting by manifest.
243 silly tarball no local data for pretty-format@https://registry.npmjs.org/pretty-format/-/pretty-format-27.5.1.tgz. Extracting by manifest.
244 silly tarball no local data for punycode@https://registry.npmjs.org/punycode/-/punycode-2.3.1.tgz. Extracting by manifest.
245 silly tarball no local data for postcss-value-parser@https://registry.npmjs.org/postcss-value-parser/-/postcss-value-parser-4.2.0.tgz. Extracting by manifest.
246 silly tarball no local data for postcss-selector-parser@https://registry.npmjs.org/postcss-selector-parser/-/postcss-selector-parser-6.1.4.tgz. Extracting by manifest.
247 silly tarball no local data for postcss-nested@https://registry.npmjs.org/postcss-nested/-/postcss-nested-6.2.0.tgz. Extracting by manifest.
248 silly tarball no local data for postcss-load-config@https://registry.npmjs.org/postcss-load-config/-/postcss-load-config-6.0.1.tgz. Extracting by manifest.
249 silly tarball no local data for postcss-js@https://registry.npmjs.org/postcss-js/-/postcss-js-4.1.0.tgz. Extracting by manifest.
250 silly tarball no local data for postcss-import@https://registry.npmjs.org/postcss-import/-/postcss-import-15.1.0.tgz. Extracting by manifest.
251 silly tarball no local data for pirates@https://registry.npmjs.org/pirates/-/pirates-4.0.7.tgz. Extracting by manifest.
252 silly tarball no local data for pify@https://registry.npmjs.org/pify/-/pify-2.3.0.tgz. Extracting by manifest.
253 silly tarball no local data for postcss@https://registry.npmjs.org/postcss/-/postcss-8.5.22.tgz. Extracting by manifest.
254 silly tarball no local data for picomatch@https://registry.npmjs.org/picomatch/-/picomatch-2.3.2.tgz. Extracting by manifest.
255 silly tarball no local data for picocolors@https://registry.npmjs.org/picocolors/-/picocolors-1.1.1.tgz. Extracting by manifest.
256 silly tarball no local data for pathval@https://registry.npmjs.org/pathval/-/pathval-2.0.1.tgz. Extracting by manifest.
257 silly tarball no local data for path-parse@https://registry.npmjs.org/path-parse/-/path-parse-1.0.7.tgz. Extracting by manifest.
258 silly tarball no local data for pathe@https://registry.npmjs.org/pathe/-/pathe-1.1.2.tgz. Extracting by manifest.
259 silly tarball no local data for parse5@https://registry.npmjs.org/parse5/-/parse5-7.3.0.tgz. Extracting by manifest.
260 silly tarball no local data for object-hash@https://registry.npmjs.org/object-hash/-/object-hash-3.0.0.tgz. Extracting by manifest.
261 silly tarball no local data for object-assign@https://registry.npmjs.org/object-assign/-/object-assign-4.1.1.tgz. Extracting by manifest.
262 silly tarball no local data for normalize-path@https://registry.npmjs.org/normalize-path/-/normalize-path-3.0.0.tgz. Extracting by manifest.
263 silly tarball no local data for nwsapi@https://registry.npmjs.org/nwsapi/-/nwsapi-2.2.24.tgz. Extracting by manifest.
264 silly tarball no local data for nanoid@https://registry.npmjs.org/nanoid/-/nanoid-3.3.16.tgz. Extracting by manifest.
265 silly tarball no local data for node-releases@https://registry.npmjs.org/node-releases/-/node-releases-2.0.51.tgz. Extracting by manifest.
266 silly tarball no local data for mz@https://registry.npmjs.org/mz/-/mz-2.7.0.tgz. Extracting by manifest.
267 silly tarball no local data for ms@https://registry.npmjs.org/ms/-/ms-2.1.3.tgz. Extracting by manifest.
268 silly tarball no local data for min-indent@https://registry.npmjs.org/min-indent/-/min-indent-1.0.1.tgz. Extracting by manifest.
269 silly tarball no local data for mime-db@https://registry.npmjs.org/mime-db/-/mime-db-1.52.0.tgz. Extracting by manifest.
270 silly tarball no local data for mime-types@https://registry.npmjs.org/mime-types/-/mime-types-2.1.35.tgz. Extracting by manifest.
271 silly tarball no local data for micromatch@https://registry.npmjs.org/micromatch/-/micromatch-4.0.8.tgz. Extracting by manifest.
272 silly tarball no local data for merge2@https://registry.npmjs.org/merge2/-/merge2-1.4.1.tgz. Extracting by manifest.
273 silly tarball no local data for magic-string@https://registry.npmjs.org/magic-string/-/magic-string-0.30.21.tgz. Extracting by manifest.
274 silly tarball no local data for math-intrinsics@https://registry.npmjs.org/math-intrinsics/-/math-intrinsics-1.1.0.tgz. Extracting by manifest.
275 silly tarball no local data for lz-string@https://registry.npmjs.org/lz-string/-/lz-string-1.5.0.tgz. Extracting by manifest.
276 silly tarball no local data for loupe@https://registry.npmjs.org/loupe/-/loupe-3.2.1.tgz. Extracting by manifest.
277 silly tarball no local data for lru-cache@https://registry.npmjs.org/lru-cache/-/lru-cache-5.1.1.tgz. Extracting by manifest.
278 silly tarball no local data for loose-envify@https://registry.npmjs.org/loose-envify/-/loose-envify-1.4.0.tgz. Extracting by manifest.
279 silly tarball no local data for lilconfig@https://registry.npmjs.org/lilconfig/-/lilconfig-3.1.3.tgz. Extracting by manifest.
280 silly tarball no local data for lines-and-columns@https://registry.npmjs.org/lines-and-columns/-/lines-and-columns-1.2.4.tgz. Extracting by manifest.
281 silly tarball no local data for json5@https://registry.npmjs.org/json5/-/json5-2.2.3.tgz. Extracting by manifest.
282 silly tarball no local data for jsesc@https://registry.npmjs.org/jsesc/-/jsesc-3.1.0.tgz. Extracting by manifest.
283 silly tarball no local data for jsdom@https://registry.npmjs.org/jsdom/-/jsdom-25.0.1.tgz. Extracting by manifest.
284 silly tarball no local data for js-tokens@https://registry.npmjs.org/js-tokens/-/js-tokens-4.0.0.tgz. Extracting by manifest.
285 silly tarball no local data for is-potential-custom-element-name@https://registry.npmjs.org/is-potential-custom-element-name/-/is-potential-custom-element-name-1.0.1.tgz. Extracting by manifest.
286 silly tarball no local data for is-number@https://registry.npmjs.org/is-number/-/is-number-7.0.0.tgz. Extracting by manifest.
287 silly tarball no local data for jiti@https://registry.npmjs.org/jiti/-/jiti-1.21.7.tgz. Extracting by manifest.
288 silly tarball no local data for is-glob@https://registry.npmjs.org/is-glob/-/is-glob-4.0.3.tgz. Extracting by manifest.
289 silly tarball no local data for is-extglob@https://registry.npmjs.org/is-extglob/-/is-extglob-2.1.1.tgz. Extracting by manifest.
290 silly tarball no local data for indent-string@https://registry.npmjs.org/indent-string/-/indent-string-4.0.0.tgz. Extracting by manifest.
291 silly tarball no local data for is-binary-path@https://registry.npmjs.org/is-binary-path/-/is-binary-path-2.1.0.tgz. Extracting by manifest.
292 silly tarball no local data for iconv-lite@https://registry.npmjs.org/iconv-lite/-/iconv-lite-0.6.3.tgz. Extracting by manifest.
293 silly tarball no local data for https-proxy-agent@https://registry.npmjs.org/https-proxy-agent/-/https-proxy-agent-7.0.6.tgz. Extracting by manifest.
294 silly tarball no local data for http-proxy-agent@https://registry.npmjs.org/http-proxy-agent/-/http-proxy-agent-7.0.2.tgz. Extracting by manifest.
295 silly tarball no local data for html-encoding-sniffer@https://registry.npmjs.org/html-encoding-sniffer/-/html-encoding-sniffer-4.0.0.tgz. Extracting by manifest.
296 silly tarball no local data for has-tostringtag@https://registry.npmjs.org/has-tostringtag/-/has-tostringtag-1.0.2.tgz. Extracting by manifest.
297 silly tarball no local data for hasown@https://registry.npmjs.org/hasown/-/hasown-2.0.4.tgz. Extracting by manifest.
298 silly tarball no local data for gopd@https://registry.npmjs.org/gopd/-/gopd-1.2.0.tgz. Extracting by manifest.
299 silly tarball no local data for has-symbols@https://registry.npmjs.org/has-symbols/-/has-symbols-1.1.0.tgz. Extracting by manifest.
300 silly tarball no local data for glob-parent@https://registry.npmjs.org/glob-parent/-/glob-parent-6.0.2.tgz. Extracting by manifest.
301 silly tarball no local data for get-proto@https://registry.npmjs.org/get-proto/-/get-proto-1.0.1.tgz. Extracting by manifest.
302 silly tarball no local data for get-intrinsic@https://registry.npmjs.org/get-intrinsic/-/get-intrinsic-1.3.0.tgz. Extracting by manifest.
303 silly tarball no local data for function-bind@https://registry.npmjs.org/function-bind/-/function-bind-1.1.2.tgz. Extracting by manifest.
304 silly tarball no local data for gensync@https://registry.npmjs.org/gensync/-/gensync-1.0.0-beta.2.tgz. Extracting by manifest.
305 silly tarball no local data for fraction.js@https://registry.npmjs.org/fraction.js/-/fraction.js-5.3.4.tgz. Extracting by manifest.
306 silly tarball no local data for form-data@https://registry.npmjs.org/form-data/-/form-data-4.0.6.tgz. Extracting by manifest.
307 silly tarball no local data for fill-range@https://registry.npmjs.org/fill-range/-/fill-range-7.1.1.tgz. Extracting by manifest.
308 silly tarball no local data for fastq@https://registry.npmjs.org/fastq/-/fastq-1.20.1.tgz. Extracting by manifest.
309 silly tarball no local data for expect-type@https://registry.npmjs.org/expect-type/-/expect-type-1.4.0.tgz. Extracting by manifest.
310 silly tarball no local data for fast-glob@https://registry.npmjs.org/fast-glob/-/fast-glob-3.3.3.tgz. Extracting by manifest.
311 silly tarball no local data for estree-walker@https://registry.npmjs.org/estree-walker/-/estree-walker-3.0.3.tgz. Extracting by manifest.
312 silly tarball no local data for esbuild@https://registry.npmjs.org/esbuild/-/esbuild-0.21.5.tgz. Extracting by manifest.
313 silly tarball no local data for escalade@https://registry.npmjs.org/escalade/-/escalade-3.2.0.tgz. Extracting by manifest.
314 silly tarball no local data for es-set-tostringtag@https://registry.npmjs.org/es-set-tostringtag/-/es-set-tostringtag-2.1.0.tgz. Extracting by manifest.
315 silly tarball no local data for es-object-atoms@https://registry.npmjs.org/es-object-atoms/-/es-object-atoms-1.1.2.tgz. Extracting by manifest.
316 silly tarball no local data for es-module-lexer@https://registry.npmjs.org/es-module-lexer/-/es-module-lexer-1.7.0.tgz. Extracting by manifest.
317 silly tarball no local data for es-errors@https://registry.npmjs.org/es-errors/-/es-errors-1.3.0.tgz. Extracting by manifest.
318 silly tarball no local data for entities@https://registry.npmjs.org/entities/-/entities-6.0.1.tgz. Extracting by manifest.
319 silly tarball no local data for es-define-property@https://registry.npmjs.org/es-define-property/-/es-define-property-1.0.1.tgz. Extracting by manifest.
320 silly tarball no local data for electron-to-chromium@https://registry.npmjs.org/electron-to-chromium/-/electron-to-chromium-1.5.395.tgz. Extracting by manifest.
321 silly tarball no local data for dunder-proto@https://registry.npmjs.org/dunder-proto/-/dunder-proto-1.0.1.tgz. Extracting by manifest.
322 silly tarball no local data for dom-accessibility-api@https://registry.npmjs.org/dom-accessibility-api/-/dom-accessibility-api-0.5.16.tgz. Extracting by manifest.
323 silly tarball no local data for didyoumean@https://registry.npmjs.org/didyoumean/-/didyoumean-1.2.2.tgz. Extracting by manifest.
324 silly tarball no local data for dlv@https://registry.npmjs.org/dlv/-/dlv-1.1.3.tgz. Extracting by manifest.
325 silly tarball no local data for dequal@https://registry.npmjs.org/dequal/-/dequal-2.0.3.tgz. Extracting by manifest.
326 silly tarball no local data for deep-eql@https://registry.npmjs.org/deep-eql/-/deep-eql-5.0.2.tgz. Extracting by manifest.
327 silly tarball no local data for delayed-stream@https://registry.npmjs.org/delayed-stream/-/delayed-stream-1.0.0.tgz. Extracting by manifest.
328 silly tarball no local data for decimal.js@https://registry.npmjs.org/decimal.js/-/decimal.js-10.6.0.tgz. Extracting by manifest.
329 silly tarball no local data for debug@https://registry.npmjs.org/debug/-/debug-4.4.3.tgz. Extracting by manifest.
330 silly tarball no local data for data-urls@https://registry.npmjs.org/data-urls/-/data-urls-5.0.0.tgz. Extracting by manifest.
331 silly tarball no local data for cssstyle@https://registry.npmjs.org/cssstyle/-/cssstyle-4.6.0.tgz. Extracting by manifest.
332 silly tarball no local data for cssesc@https://registry.npmjs.org/cssesc/-/cssesc-3.0.0.tgz. Extracting by manifest.
333 silly tarball no local data for css.escape@https://registry.npmjs.org/css.escape/-/css.escape-1.5.1.tgz. Extracting by manifest.
334 silly tarball no local data for convert-source-map@https://registry.npmjs.org/convert-source-map/-/convert-source-map-2.0.0.tgz. Extracting by manifest.
335 silly tarball no local data for combined-stream@https://registry.npmjs.org/combined-stream/-/combined-stream-1.0.8.tgz. Extracting by manifest.
336 silly tarball no local data for commander@https://registry.npmjs.org/commander/-/commander-4.1.1.tgz. Extracting by manifest.
337 silly tarball no local data for chokidar@https://registry.npmjs.org/chokidar/-/chokidar-3.6.0.tgz. Extracting by manifest.
338 silly tarball no local data for check-error@https://registry.npmjs.org/check-error/-/check-error-2.1.3.tgz. Extracting by manifest.
339 silly tarball no local data for chai@https://registry.npmjs.org/chai/-/chai-5.3.3.tgz. Extracting by manifest.
340 silly tarball no local data for caniuse-lite@https://registry.npmjs.org/caniuse-lite/-/caniuse-lite-1.0.30001806.tgz. Extracting by manifest.
341 silly tarball no local data for call-bind-apply-helpers@https://registry.npmjs.org/call-bind-apply-helpers/-/call-bind-apply-helpers-1.0.2.tgz. Extracting by manifest.
342 silly tarball no local data for camelcase-css@https://registry.npmjs.org/camelcase-css/-/camelcase-css-2.0.1.tgz. Extracting by manifest.
343 silly tarball no local data for cac@https://registry.npmjs.org/cac/-/cac-6.7.14.tgz. Extracting by manifest.
344 silly tarball no local data for browserslist@https://registry.npmjs.org/browserslist/-/browserslist-4.28.7.tgz. Extracting by manifest.
345 silly tarball no local data for braces@https://registry.npmjs.org/braces/-/braces-3.0.3.tgz. Extracting by manifest.
346 silly tarball no local data for binary-extensions@https://registry.npmjs.org/binary-extensions/-/binary-extensions-2.3.0.tgz. Extracting by manifest.
347 silly tarball no local data for baseline-browser-mapping@https://registry.npmjs.org/baseline-browser-mapping/-/baseline-browser-mapping-2.11.1.tgz. Extracting by manifest.
348 silly tarball no local data for autoprefixer@https://registry.npmjs.org/autoprefixer/-/autoprefixer-10.5.4.tgz. Extracting by manifest.
349 silly tarball no local data for asynckit@https://registry.npmjs.org/asynckit/-/asynckit-0.4.0.tgz. Extracting by manifest.
350 silly tarball no local data for assertion-error@https://registry.npmjs.org/assertion-error/-/assertion-error-2.0.1.tgz. Extracting by manifest.
351 silly tarball no local data for aria-query@https://registry.npmjs.org/aria-query/-/aria-query-5.3.0.tgz. Extracting by manifest.
352 silly tarball no local data for arg@https://registry.npmjs.org/arg/-/arg-5.0.2.tgz. Extracting by manifest.
353 silly tarball no local data for anymatch@https://registry.npmjs.org/anymatch/-/anymatch-3.1.3.tgz. Extracting by manifest.
354 silly tarball no local data for any-promise@https://registry.npmjs.org/any-promise/-/any-promise-1.3.0.tgz. Extracting by manifest.
355 silly tarball no local data for ansi-styles@https://registry.npmjs.org/ansi-styles/-/ansi-styles-5.2.0.tgz. Extracting by manifest.
356 silly tarball no local data for ansi-regex@https://registry.npmjs.org/ansi-regex/-/ansi-regex-5.0.1.tgz. Extracting by manifest.
357 silly tarball no local data for agent-base@https://registry.npmjs.org/agent-base/-/agent-base-7.1.4.tgz. Extracting by manifest.
358 silly tarball no local data for @vitest/spy@https://registry.npmjs.org/@vitest/spy/-/spy-2.1.9.tgz. Extracting by manifest.
359 silly tarball no local data for @vitest/utils@https://registry.npmjs.org/@vitest/utils/-/utils-2.1.9.tgz. Extracting by manifest.
360 silly tarball no local data for @vitest/snapshot@https://registry.npmjs.org/@vitest/snapshot/-/snapshot-2.1.9.tgz. Extracting by manifest.
361 silly tarball no local data for @vitest/runner@https://registry.npmjs.org/@vitest/runner/-/runner-2.1.9.tgz. Extracting by manifest.
362 silly tarball no local data for @vitest/pretty-format@https://registry.npmjs.org/@vitest/pretty-format/-/pretty-format-2.1.9.tgz. Extracting by manifest.
363 silly tarball no local data for @vitest/mocker@https://registry.npmjs.org/@vitest/mocker/-/mocker-2.1.9.tgz. Extracting by manifest.
364 silly tarball no local data for @vitest/expect@https://registry.npmjs.org/@vitest/expect/-/expect-2.1.9.tgz. Extracting by manifest.
365 silly tarball no local data for @vitejs/plugin-react@https://registry.npmjs.org/@vitejs/plugin-react/-/plugin-react-4.7.0.tgz. Extracting by manifest.
366 silly tarball no local data for @types/estree@https://registry.npmjs.org/@types/estree/-/estree-1.0.9.tgz. Extracting by manifest.
367 silly tarball no local data for @types/babel__traverse@https://registry.npmjs.org/@types/babel__traverse/-/babel__traverse-7.28.0.tgz. Extracting by manifest.
368 silly tarball no local data for @types/babel__template@https://registry.npmjs.org/@types/babel__template/-/babel__template-7.4.4.tgz. Extracting by manifest.
369 silly tarball no local data for @types/babel__generator@https://registry.npmjs.org/@types/babel__generator/-/babel__generator-7.27.0.tgz. Extracting by manifest.
370 silly tarball no local data for @types/aria-query@https://registry.npmjs.org/@types/aria-query/-/aria-query-5.0.4.tgz. Extracting by manifest.
371 silly tarball no local data for @types/babel__core@https://registry.npmjs.org/@types/babel__core/-/babel__core-7.20.5.tgz. Extracting by manifest.
372 silly tarball no local data for @testing-library/user-event@https://registry.npmjs.org/@testing-library/user-event/-/user-event-14.6.1.tgz. Extracting by manifest.
373 silly tarball no local data for @testing-library/react@https://registry.npmjs.org/@testing-library/react/-/react-16.3.2.tgz. Extracting by manifest.
374 silly tarball no local data for @testing-library/jest-dom@https://registry.npmjs.org/@testing-library/jest-dom/-/jest-dom-6.9.1.tgz. Extracting by manifest.
375 silly tarball no local data for @testing-library/dom@https://registry.npmjs.org/@testing-library/dom/-/dom-10.4.1.tgz. Extracting by manifest.
376 silly tarball no local data for @rollup/rollup-linux-x64-gnu@https://registry.npmjs.org/@rollup/rollup-linux-x64-gnu/-/rollup-linux-x64-gnu-4.62.2.tgz. Extracting by manifest.
377 silly tarball no local data for @rollup/rollup-linux-x64-musl@https://registry.npmjs.org/@rollup/rollup-linux-x64-musl/-/rollup-linux-x64-musl-4.62.2.tgz. Extracting by manifest.
378 silly tarball no local data for @rolldown/pluginutils@https://registry.npmjs.org/@rolldown/pluginutils/-/pluginutils-1.0.0-beta.27.tgz. Extracting by manifest.
379 silly tarball no local data for @nodelib/fs.walk@https://registry.npmjs.org/@nodelib/fs.walk/-/fs.walk-1.2.8.tgz. Extracting by manifest.
380 silly tarball no local data for @remix-run/router@https://registry.npmjs.org/@remix-run/router/-/router-1.23.3.tgz. Extracting by manifest.
381 silly tarball no local data for @nodelib/fs.stat@https://registry.npmjs.org/@nodelib/fs.stat/-/fs.stat-2.0.5.tgz. Extracting by manifest.
382 silly tarball no local data for @nodelib/fs.scandir@https://registry.npmjs.org/@nodelib/fs.scandir/-/fs.scandir-2.1.5.tgz. Extracting by manifest.
383 silly tarball no local data for @jridgewell/trace-mapping@https://registry.npmjs.org/@jridgewell/trace-mapping/-/trace-mapping-0.3.31.tgz. Extracting by manifest.
384 silly tarball no local data for @jridgewell/sourcemap-codec@https://registry.npmjs.org/@jridgewell/sourcemap-codec/-/sourcemap-codec-1.5.5.tgz. Extracting by manifest.
385 silly tarball no local data for @jridgewell/resolve-uri@https://registry.npmjs.org/@jridgewell/resolve-uri/-/resolve-uri-3.1.2.tgz. Extracting by manifest.
386 silly tarball no local data for @jridgewell/remapping@https://registry.npmjs.org/@jridgewell/remapping/-/remapping-2.3.5.tgz. Extracting by manifest.
387 silly tarball no local data for @jridgewell/gen-mapping@https://registry.npmjs.org/@jridgewell/gen-mapping/-/gen-mapping-0.3.13.tgz. Extracting by manifest.
388 silly tarball no local data for @esbuild/linux-x64@https://registry.npmjs.org/@esbuild/linux-x64/-/linux-x64-0.21.5.tgz. Extracting by manifest.
389 silly tarball no local data for @csstools/css-tokenizer@https://registry.npmjs.org/@csstools/css-tokenizer/-/css-tokenizer-3.0.4.tgz. Extracting by manifest.
390 silly tarball no local data for @csstools/css-parser-algorithms@https://registry.npmjs.org/@csstools/css-parser-algorithms/-/css-parser-algorithms-3.0.5.tgz. Extracting by manifest.
391 silly tarball no local data for @csstools/css-color-parser@https://registry.npmjs.org/@csstools/css-color-parser/-/css-color-parser-3.1.0.tgz. Extracting by manifest.
392 silly tarball no local data for @csstools/css-calc@https://registry.npmjs.org/@csstools/css-calc/-/css-calc-2.1.4.tgz. Extracting by manifest.
393 silly tarball no local data for @csstools/color-helpers@https://registry.npmjs.org/@csstools/color-helpers/-/color-helpers-5.1.0.tgz. Extracting by manifest.
394 silly tarball no local data for @babel/types@https://registry.npmjs.org/@babel/types/-/types-7.29.7.tgz. Extracting by manifest.
395 silly tarball no local data for @babel/traverse@https://registry.npmjs.org/@babel/traverse/-/traverse-7.29.7.tgz. Extracting by manifest.
396 silly tarball no local data for @babel/template@https://registry.npmjs.org/@babel/template/-/template-7.29.7.tgz. Extracting by manifest.
397 silly tarball no local data for @babel/runtime@https://registry.npmjs.org/@babel/runtime/-/runtime-7.29.7.tgz. Extracting by manifest.
398 silly tarball no local data for @babel/plugin-transform-react-jsx-source@https://registry.npmjs.org/@babel/plugin-transform-react-jsx-source/-/plugin-transform-react-jsx-source-7.29.7.tgz. Extracting by manifest.
399 silly tarball no local data for @babel/plugin-transform-react-jsx-self@https://registry.npmjs.org/@babel/plugin-transform-react-jsx-self/-/plugin-transform-react-jsx-self-7.29.7.tgz. Extracting by manifest.
400 silly tarball no local data for @babel/parser@https://registry.npmjs.org/@babel/parser/-/parser-7.29.7.tgz. Extracting by manifest.
401 silly tarball no local data for @babel/helpers@https://registry.npmjs.org/@babel/helpers/-/helpers-7.29.7.tgz. Extracting by manifest.
402 silly tarball no local data for @babel/helper-validator-option@https://registry.npmjs.org/@babel/helper-validator-option/-/helper-validator-option-7.29.7.tgz. Extracting by manifest.
403 silly tarball no local data for @babel/helper-validator-identifier@https://registry.npmjs.org/@babel/helper-validator-identifier/-/helper-validator-identifier-7.29.7.tgz. Extracting by manifest.
404 silly tarball no local data for @babel/helper-string-parser@https://registry.npmjs.org/@babel/helper-string-parser/-/helper-string-parser-7.29.7.tgz. Extracting by manifest.
405 silly tarball no local data for @babel/helper-plugin-utils@https://registry.npmjs.org/@babel/helper-plugin-utils/-/helper-plugin-utils-7.29.7.tgz. Extracting by manifest.
406 silly tarball no local data for @babel/helper-module-transforms@https://registry.npmjs.org/@babel/helper-module-transforms/-/helper-module-transforms-7.29.7.tgz. Extracting by manifest.
407 silly tarball no local data for @babel/helper-module-imports@https://registry.npmjs.org/@babel/helper-module-imports/-/helper-module-imports-7.29.7.tgz. Extracting by manifest.
408 silly tarball no local data for @babel/helper-globals@https://registry.npmjs.org/@babel/helper-globals/-/helper-globals-7.29.7.tgz. Extracting by manifest.
409 silly tarball no local data for @babel/helper-compilation-targets@https://registry.npmjs.org/@babel/helper-compilation-targets/-/helper-compilation-targets-7.29.7.tgz. Extracting by manifest.
410 silly tarball no local data for @babel/generator@https://registry.npmjs.org/@babel/generator/-/generator-7.29.7.tgz. Extracting by manifest.
411 silly tarball no local data for @babel/core@https://registry.npmjs.org/@babel/core/-/core-7.29.7.tgz. Extracting by manifest.
412 silly tarball no local data for @babel/compat-data@https://registry.npmjs.org/@babel/compat-data/-/compat-data-7.29.7.tgz. Extracting by manifest.
413 silly tarball no local data for @babel/code-frame@https://registry.npmjs.org/@babel/code-frame/-/code-frame-7.29.7.tgz. Extracting by manifest.
414 silly tarball no local data for @asamuzakjp/css-color@https://registry.npmjs.org/@asamuzakjp/css-color/-/css-color-3.2.0.tgz. Extracting by manifest.
415 silly tarball no local data for @alloc/quick-lru@https://registry.npmjs.org/@alloc/quick-lru/-/quick-lru-5.2.0.tgz. Extracting by manifest.
416 silly tarball no local data for @adobe/css-tools@https://registry.npmjs.org/@adobe/css-tools/-/css-tools-4.5.0.tgz. Extracting by manifest.
417 silly tarball no local data for is-core-module@https://registry.npmjs.org/is-core-module/-/is-core-module-2.16.2.tgz. Extracting by manifest.
418 silly tarball no local data for fdir@https://registry.npmjs.org/fdir/-/fdir-6.5.0.tgz. Extracting by manifest.
419 silly tarball no local data for glob-parent@https://registry.npmjs.org/glob-parent/-/glob-parent-5.1.2.tgz. Extracting by manifest.
420 silly tarball no local data for glob-parent@https://registry.npmjs.org/glob-parent/-/glob-parent-5.1.2.tgz. Extracting by manifest.
421 silly tarball no local data for dom-accessibility-api@https://registry.npmjs.org/dom-accessibility-api/-/dom-accessibility-api-0.6.3.tgz. Extracting by manifest.
422 silly tarball no local data for lru-cache@https://registry.npmjs.org/lru-cache/-/lru-cache-10.4.3.tgz. Extracting by manifest.
423 silly tarball no local data for rrweb-cssom@https://registry.npmjs.org/rrweb-cssom/-/rrweb-cssom-0.8.0.tgz. Extracting by manifest.
424 silly tarball no local data for picomatch@https://registry.npmjs.org/picomatch/-/picomatch-4.0.5.tgz. Extracting by manifest.
425 http fetch GET 200 https://registry.npmjs.org/tinyglobby/-/tinyglobby-0.2.17.tgz 886ms (cache miss)
426 http fetch GET 200 https://registry.npmjs.org/tinyspy/-/tinyspy-3.0.2.tgz 889ms (cache miss)
427 timing reifyNode:node_modules/tinyspy Completed in 1016ms
428 http fetch GET 200 https://registry.npmjs.org/symbol-tree/-/symbol-tree-3.2.4.tgz 887ms (cache miss)
429 http fetch GET 200 https://registry.npmjs.org/siginfo/-/siginfo-2.0.0.tgz 886ms (cache miss)
430 timing reifyNode:node_modules/siginfo Completed in 1018ms
431 http fetch GET 200 https://registry.npmjs.org/punycode/-/punycode-2.3.1.tgz 877ms (cache miss)
432 timing reifyNode:node_modules/punycode Completed in 1019ms
433 http fetch GET 200 https://registry.npmjs.org/xml-name-validator/-/xml-name-validator-5.0.0.tgz 882ms (cache miss)
434 timing reifyNode:node_modules/xml-name-validator Completed in 1021ms
435 http fetch GET 200 https://registry.npmjs.org/webidl-conversions/-/webidl-conversions-7.0.0.tgz 947ms (cache miss)
436 timing reifyNode:node_modules/webidl-conversions Completed in 1058ms
437 http fetch GET 200 https://registry.npmjs.org/util-deprecate/-/util-deprecate-1.0.2.tgz 943ms (cache miss)
438 timing reifyNode:node_modules/util-deprecate Completed in 1058ms
439 http fetch GET 200 https://registry.npmjs.org/update-browserslist-db/-/update-browserslist-db-1.2.3.tgz 935ms (cache miss)
440 timing reifyNode:node_modules/update-browserslist-db Completed in 1059ms
441 http fetch GET 200 https://registry.npmjs.org/to-regex-range/-/to-regex-range-5.0.1.tgz 934ms (cache miss)
442 timing reifyNode:node_modules/to-regex-range Completed in 1060ms
443 http fetch GET 200 https://registry.npmjs.org/thenify-all/-/thenify-all-1.6.0.tgz 931ms (cache miss)
444 timing reifyNode:node_modules/thenify-all Completed in 1060ms
445 http fetch GET 200 https://registry.npmjs.org/thenify/-/thenify-3.3.1.tgz 931ms (cache miss)
446 timing reifyNode:node_modules/thenify Completed in 1060ms
447 http fetch GET 200 https://registry.npmjs.org/supports-preserve-symlinks-flag/-/supports-preserve-symlinks-flag-1.0.0.tgz 931ms (cache miss)
448 timing reifyNode:node_modules/supports-preserve-symlinks-flag Completed in 1061ms
449 http fetch GET 200 https://registry.npmjs.org/strip-indent/-/strip-indent-3.0.0.tgz 930ms (cache miss)
450 timing reifyNode:node_modules/strip-indent Completed in 1061ms
451 http fetch GET 200 https://registry.npmjs.org/run-parallel/-/run-parallel-1.2.0.tgz 927ms (cache miss)
452 timing reifyNode:node_modules/run-parallel Completed in 1062ms
453 http fetch GET 200 https://registry.npmjs.org/safer-buffer/-/safer-buffer-2.1.2.tgz 930ms (cache miss)
454 timing reifyNode:node_modules/safer-buffer Completed in 1063ms
455 http fetch GET 200 https://registry.npmjs.org/readdirp/-/readdirp-3.6.0.tgz 927ms (cache miss)
456 timing reifyNode:node_modules/readdirp Completed in 1063ms
457 http fetch GET 200 https://registry.npmjs.org/redent/-/redent-3.0.0.tgz 928ms (cache miss)
458 timing reifyNode:node_modules/redent Completed in 1063ms
459 http fetch GET 200 https://registry.npmjs.org/stackback/-/stackback-0.0.2.tgz 933ms (cache miss)
460 timing reifyNode:node_modules/stackback Completed in 1064ms
461 http fetch GET 200 https://registry.npmjs.org/pify/-/pify-2.3.0.tgz 920ms (cache miss)
462 timing reifyNode:node_modules/pify Completed in 1064ms
463 http fetch GET 200 https://registry.npmjs.org/postcss-value-parser/-/postcss-value-parser-4.2.0.tgz 923ms (cache miss)
464 http fetch GET 200 https://registry.npmjs.org/object-hash/-/object-hash-3.0.0.tgz 918ms (cache miss)
465 http fetch GET 200 https://registry.npmjs.org/whatwg-encoding/-/whatwg-encoding-3.1.1.tgz 982ms (cache miss)
466 warn deprecated whatwg-encoding@3.1.1: Use @exodus/bytes instead for a more spec-conformant and faster implementation
467 timing reifyNode:node_modules/whatwg-encoding Completed in 1093ms
468 http fetch GET 200 https://registry.npmjs.org/whatwg-mimetype/-/whatwg-mimetype-4.0.0.tgz 984ms (cache miss)
469 timing reifyNode:node_modules/whatwg-mimetype Completed in 1094ms
470 http fetch GET 200 https://registry.npmjs.org/tinyrainbow/-/tinyrainbow-1.2.0.tgz 967ms (cache miss)
471 timing reifyNode:node_modules/tinyrainbow Completed in 1095ms
472 timing reifyNode:node_modules/tinyglobby Completed in 1095ms
473 http fetch GET 200 https://registry.npmjs.org/why-is-node-running/-/why-is-node-running-2.3.0.tgz 987ms (cache miss)
474 timing reifyNode:node_modules/why-is-node-running Completed in 1096ms
475 timing reifyNode:node_modules/symbol-tree Completed in 1095ms
476 http fetch GET 200 https://registry.npmjs.org/std-env/-/std-env-3.10.0.tgz 965ms (cache miss)
477 timing reifyNode:node_modules/std-env Completed in 1096ms
478 http fetch GET 200 https://registry.npmjs.org/read-cache/-/read-cache-1.0.0.tgz 960ms (cache miss)
479 timing reifyNode:node_modules/read-cache Completed in 1096ms
480 http fetch GET 200 https://registry.npmjs.org/react-is/-/react-is-17.0.2.tgz 959ms (cache miss)
481 http fetch GET 200 https://registry.npmjs.org/postcss-nested/-/postcss-nested-6.2.0.tgz 956ms (cache miss)
482 timing reifyNode:node_modules/postcss-nested Completed in 1100ms
483 http fetch GET 200 https://registry.npmjs.org/object-assign/-/object-assign-4.1.1.tgz 951ms (cache miss)
484 timing reifyNode:node_modules/object-assign Completed in 1100ms
485 http fetch GET 200 https://registry.npmjs.org/pirates/-/pirates-4.0.7.tgz 956ms (cache miss)
486 timing reifyNode:node_modules/pirates Completed in 1100ms
487 http fetch GET 200 https://registry.npmjs.org/picocolors/-/picocolors-1.1.1.tgz 955ms (cache miss)
488 timing reifyNode:node_modules/picocolors Completed in 1100ms
489 http fetch GET 200 https://registry.npmjs.org/mime-types/-/mime-types-2.1.35.tgz 951ms (cache miss)
490 timing reifyNode:node_modules/mime-types Completed in 1102ms
491 http fetch GET 200 https://registry.npmjs.org/is-potential-custom-element-name/-/is-potential-custom-element-name-1.0.1.tgz 946ms (cache miss)
492 timing reifyNode:node_modules/is-potential-custom-element-name Completed in 1103ms
493 http fetch GET 200 https://registry.npmjs.org/is-binary-path/-/is-binary-path-2.1.0.tgz 943ms (cache miss)
494 timing reifyNode:node_modules/is-binary-path Completed in 1103ms
495 http fetch GET 200 https://registry.npmjs.org/w3c-xmlserializer/-/w3c-xmlserializer-5.0.0.tgz 1026ms (cache miss)
496 timing reifyNode:node_modules/w3c-xmlserializer Completed in 1139ms
497 http fetch GET 200 https://registry.npmjs.org/saxes/-/saxes-6.0.0.tgz 1006ms (cache miss)
498 timing reifyNode:node_modules/postcss-value-parser Completed in 1141ms
499 timing reifyNode:node_modules/object-hash Completed in 1140ms
500 http fetch GET 200 https://registry.npmjs.org/pathval/-/pathval-2.0.1.tgz 995ms (cache miss)
501 timing reifyNode:node_modules/pathval Completed in 1141ms
502 http fetch GET 200 https://registry.npmjs.org/ms/-/ms-2.1.3.tgz 991ms (cache miss)
503 timing reifyNode:node_modules/ms Completed in 1142ms
504 http fetch GET 200 https://registry.npmjs.org/normalize-path/-/normalize-path-3.0.0.tgz 994ms (cache miss)
505 timing reifyNode:node_modules/normalize-path Completed in 1142ms
506 http fetch GET 200 https://registry.npmjs.org/node-releases/-/node-releases-2.0.51.tgz 993ms (cache miss)
507 http fetch GET 200 https://registry.npmjs.org/loose-envify/-/loose-envify-1.4.0.tgz 989ms (cache miss)
508 timing reifyNode:node_modules/loose-envify Completed in 1143ms
509 http fetch GET 200 https://registry.npmjs.org/lines-and-columns/-/lines-and-columns-1.2.4.tgz 988ms (cache miss)
510 timing reifyNode:node_modules/lines-and-columns Completed in 1143ms
511 http fetch GET 200 https://registry.npmjs.org/is-glob/-/is-glob-4.0.3.tgz 986ms (cache miss)
512 timing reifyNode:node_modules/is-glob Completed in 1144ms
513 http fetch GET 200 https://registry.npmjs.org/yallist/-/yallist-3.1.1.tgz 1081ms (cache miss)
514 timing reifyNode:node_modules/yallist Completed in 1186ms
515 http fetch GET 200 https://registry.npmjs.org/tinybench/-/tinybench-2.9.0.tgz 1057ms (cache miss)
516 timing reifyNode:node_modules/tinybench Completed in 1185ms
517 http fetch GET 200 https://registry.npmjs.org/tinypool/-/tinypool-1.1.1.tgz 1058ms (cache miss)
518 timing reifyNode:node_modules/react-is Completed in 1188ms
519 http fetch GET 200 https://registry.npmjs.org/postcss-load-config/-/postcss-load-config-6.0.1.tgz 1049ms (cache miss)
520 timing reifyNode:node_modules/postcss-load-config Completed in 1191ms
521 http fetch GET 200 https://registry.npmjs.org/path-parse/-/path-parse-1.0.7.tgz 1048ms (cache miss)
522 timing reifyNode:node_modules/path-parse Completed in 1194ms
523 http fetch GET 200 https://registry.npmjs.org/min-indent/-/min-indent-1.0.1.tgz 1045ms (cache miss)
524 timing reifyNode:node_modules/min-indent Completed in 1195ms
525 http fetch GET 200 https://registry.npmjs.org/math-intrinsics/-/math-intrinsics-1.1.0.tgz 1042ms (cache miss)
526 http fetch GET 200 https://registry.npmjs.org/js-tokens/-/js-tokens-4.0.0.tgz 1041ms (cache miss)
527 timing reifyNode:node_modules/js-tokens Completed in 1198ms
528 http fetch GET 200 https://registry.npmjs.org/queue-microtask/-/queue-microtask-1.2.3.tgz 1110ms (cache miss)
529 timing reifyNode:node_modules/queue-microtask Completed in 1251ms
530 http fetch GET 200 https://registry.npmjs.org/tinyexec/-/tinyexec-0.3.2.tgz 1126ms (cache miss)
531 timing reifyNode:node_modules/tinyexec Completed in 1254ms
532 timing reifyNode:node_modules/saxes Completed in 1255ms
533 http fetch GET 200 https://registry.npmjs.org/postcss-js/-/postcss-js-4.1.0.tgz 1113ms (cache miss)
534 timing reifyNode:node_modules/postcss-js Completed in 1256ms
535 http fetch GET 200 https://registry.npmjs.org/merge2/-/merge2-1.4.1.tgz 1105ms (cache miss)
536 timing reifyNode:node_modules/merge2 Completed in 1257ms
537 http fetch GET 200 https://registry.npmjs.org/lilconfig/-/lilconfig-3.1.3.tgz 1103ms (cache miss)
538 timing reifyNode:node_modules/lilconfig Completed in 1258ms
539 http fetch GET 200 https://registry.npmjs.org/https-proxy-agent/-/https-proxy-agent-7.0.6.tgz 1098ms (cache miss)
540 http fetch GET 200 https://registry.npmjs.org/reusify/-/reusify-1.1.0.tgz 1153ms (cache miss)
541 http fetch GET 200 https://registry.npmjs.org/react-refresh/-/react-refresh-0.17.0.tgz 1151ms (cache miss)
542 http fetch GET 200 https://registry.npmjs.org/postcss-import/-/postcss-import-15.1.0.tgz 1145ms (cache miss)
543 http fetch GET 200 https://registry.npmjs.org/mz/-/mz-2.7.0.tgz 1140ms (cache miss)
544 timing reifyNode:node_modules/mz Completed in 1290ms
545 timing reifyNode:node_modules/node-releases Completed in 1290ms
546 http fetch GET 200 https://registry.npmjs.org/micromatch/-/micromatch-4.0.8.tgz 1138ms (cache miss)
547 timing reifyNode:node_modules/micromatch Completed in 1290ms
548 http fetch GET 200 https://registry.npmjs.org/lru-cache/-/lru-cache-5.1.1.tgz 1137ms (cache miss)
549 timing reifyNode:node_modules/lru-cache Completed in 1291ms
550 http fetch GET 200 https://registry.npmjs.org/is-number/-/is-number-7.0.0.tgz 1134ms (cache miss)
551 timing reifyNode:node_modules/is-number Completed in 1292ms
552 http fetch GET 200 https://registry.npmjs.org/indent-string/-/indent-string-4.0.0.tgz 1133ms (cache miss)
553 timing reifyNode:node_modules/indent-string Completed in 1291ms
554 http fetch GET 200 https://registry.npmjs.org/gopd/-/gopd-1.2.0.tgz 1131ms (cache miss)
555 http fetch GET 200 https://registry.npmjs.org/get-intrinsic/-/get-intrinsic-1.3.0.tgz 1130ms (cache miss)
556 http fetch GET 200 https://registry.npmjs.org/is-extglob/-/is-extglob-2.1.1.tgz 1168ms (cache miss)
557 timing reifyNode:node_modules/is-extglob Completed in 1326ms
558 timing reifyNode:node_modules/tinypool Completed in 1331ms
559 timing reifyNode:node_modules/react-refresh Completed in 1332ms
560 http fetch GET 200 https://registry.npmjs.org/nwsapi/-/nwsapi-2.2.24.tgz 1183ms (cache miss)
561 http fetch GET 200 https://registry.npmjs.org/http-proxy-agent/-/http-proxy-agent-7.0.2.tgz 1174ms (cache miss)
562 http fetch GET 200 https://registry.npmjs.org/fill-range/-/fill-range-7.1.1.tgz 1169ms (cache miss)
563 timing reifyNode:node_modules/fill-range Completed in 1335ms
564 http fetch GET 200 https://registry.npmjs.org/estree-walker/-/estree-walker-3.0.3.tgz 1187ms (cache miss)
565 http fetch GET 200 https://registry.npmjs.org/pathe/-/pathe-1.1.2.tgz 1214ms (cache miss)
566 http fetch GET 200 https://registry.npmjs.org/html-encoding-sniffer/-/html-encoding-sniffer-4.0.0.tgz 1201ms (cache miss)
567 timing reifyNode:node_modules/html-encoding-sniffer Completed in 1361ms
568 http fetch GET 200 https://registry.npmjs.org/hasown/-/hasown-2.0.4.tgz 1201ms (cache miss)
569 http fetch GET 200 https://registry.npmjs.org/glob-parent/-/glob-parent-6.0.2.tgz 1199ms (cache miss)
570 timing reifyNode:node_modules/glob-parent Completed in 1362ms
571 http fetch GET 200 https://registry.npmjs.org/get-proto/-/get-proto-1.0.1.tgz 1199ms (cache miss)
572 http fetch GET 200 https://registry.npmjs.org/es-object-atoms/-/es-object-atoms-1.1.2.tgz 1193ms (cache miss)
573 http fetch GET 200 https://registry.npmjs.org/es-errors/-/es-errors-1.3.0.tgz 1194ms (cache miss)
574 http fetch GET 200 https://registry.npmjs.org/data-urls/-/data-urls-5.0.0.tgz 1190ms (cache miss)
575 timing reifyNode:node_modules/data-urls Completed in 1365ms
576 timing reifyNode:node_modules/reusify Completed in 1399ms
577 timing reifyNode:node_modules/postcss-import Completed in 1399ms
578 timing reifyNode:node_modules/nwsapi Completed in 1422ms
579 http fetch GET 200 https://registry.npmjs.org/mime-db/-/mime-db-1.52.0.tgz 1272ms (cache miss)
580 timing reifyNode:node_modules/http-proxy-agent Completed in 1423ms
581 http fetch GET 200 https://registry.npmjs.org/gensync/-/gensync-1.0.0-beta.2.tgz 1260ms (cache miss)
582 timing reifyNode:node_modules/gensync Completed in 1424ms
583 http fetch GET 200 https://registry.npmjs.org/es-set-tostringtag/-/es-set-tostringtag-2.1.0.tgz 1255ms (cache miss)
584 http fetch GET 200 https://registry.npmjs.org/didyoumean/-/didyoumean-1.2.2.tgz 1252ms (cache miss)
585 timing reifyNode:node_modules/didyoumean Completed in 1425ms
586 http fetch GET 200 https://registry.npmjs.org/cssesc/-/cssesc-3.0.0.tgz 1250ms (cache miss)
587 http fetch GET 200 https://registry.npmjs.org/css.escape/-/css.escape-1.5.1.tgz 1249ms (cache miss)
588 timing reifyNode:node_modules/css.escape Completed in 1426ms
589 http fetch GET 200 https://registry.npmjs.org/convert-source-map/-/convert-source-map-2.0.0.tgz 1249ms (cache miss)
590 timing reifyNode:node_modules/convert-source-map Completed in 1427ms
591 timing reifyNode:node_modules/pathe Completed in 1449ms
592 timing reifyNode:node_modules/hasown Completed in 1450ms
593 http fetch GET 200 https://registry.npmjs.org/escalade/-/escalade-3.2.0.tgz 1281ms (cache miss)
594 http fetch GET 200 https://registry.npmjs.org/es-define-property/-/es-define-property-1.0.1.tgz 1280ms (cache miss)
595 http fetch GET 200 https://registry.npmjs.org/dlv/-/dlv-1.1.3.tgz 1279ms (cache miss)
596 timing reifyNode:node_modules/dlv Completed in 1452ms
597 http fetch GET 200 https://registry.npmjs.org/delayed-stream/-/delayed-stream-1.0.0.tgz 1278ms (cache miss)
598 timing reifyNode:node_modules/delayed-stream Completed in 1452ms
599 http fetch GET 200 https://registry.npmjs.org/debug/-/debug-4.4.3.tgz 1277ms (cache miss)
600 timing reifyNode:node_modules/debug Completed in 1452ms
601 timing reifyNode:node_modules/cssesc Completed in 1453ms
602 http fetch GET 200 https://registry.npmjs.org/combined-stream/-/combined-stream-1.0.8.tgz 1276ms (cache miss)
603 timing reifyNode:node_modules/combined-stream Completed in 1453ms
604 http fetch GET 200 https://registry.npmjs.org/function-bind/-/function-bind-1.1.2.tgz 1317ms (cache miss)
605 timing reifyNode:node_modules/es-set-tostringtag Completed in 1481ms
606 http fetch GET 200 https://registry.npmjs.org/dequal/-/dequal-2.0.3.tgz 1308ms (cache miss)
607 http fetch GET 200 https://registry.npmjs.org/deep-eql/-/deep-eql-5.0.2.tgz 1308ms (cache miss)
608 timing reifyNode:node_modules/deep-eql Completed in 1483ms
609 http fetch GET 200 https://registry.npmjs.org/asynckit/-/asynckit-0.4.0.tgz 1301ms (cache miss)
610 http fetch GET 200 https://registry.npmjs.org/assertion-error/-/assertion-error-2.0.1.tgz 1311ms (cache miss)
611 timing reifyNode:node_modules/assertion-error Completed in 1494ms
612 http fetch GET 200 https://registry.npmjs.org/ts-interface-checker/-/ts-interface-checker-0.1.13.tgz 1374ms (cache miss)
613 timing reifyNode:node_modules/ts-interface-checker Completed in 1499ms
614 http fetch GET 200 https://registry.npmjs.org/picomatch/-/picomatch-2.3.2.tgz 1355ms (cache miss)
615 timing reifyNode:node_modules/picomatch Completed in 1500ms
616 timing reifyNode:node_modules/mime-db Completed in 1500ms
617 timing reifyNode:node_modules/gopd Completed in 1502ms
618 http fetch GET 200 https://registry.npmjs.org/camelcase-css/-/camelcase-css-2.0.1.tgz 1323ms (cache miss)
619 timing reifyNode:node_modules/camelcase-css Completed in 1503ms
620 http fetch GET 200 https://registry.npmjs.org/anymatch/-/anymatch-3.1.3.tgz 1319ms (cache miss)
621 timing reifyNode:node_modules/anymatch Completed in 1504ms
622 http fetch GET 200 https://registry.npmjs.org/ansi-styles/-/ansi-styles-5.2.0.tgz 1319ms (cache miss)
623 timing reifyNode:node_modules/ansi-styles Completed in 1504ms
624 http fetch GET 200 https://registry.npmjs.org/@types/babel__generator/-/babel__generator-7.27.0.tgz 1314ms (cache miss)
625 timing reifyNode:node_modules/@types/babel__generator Completed in 1506ms
626 timing reifyNode:node_modules/estree-walker Completed in 1513ms
627 timing reifyNode:node_modules/https-proxy-agent Completed in 1519ms
628 timing reifyNode:node_modules/get-intrinsic Completed in 1519ms
629 timing reifyNode:node_modules/escalade Completed in 1518ms
630 timing reifyNode:node_modules/es-define-property Completed in 1521ms
631 http fetch GET 200 https://registry.npmjs.org/commander/-/commander-4.1.1.tgz 1344ms (cache miss)
632 http fetch GET 200 https://registry.npmjs.org/check-error/-/check-error-2.1.3.tgz 1343ms (cache miss)
633 timing reifyNode:node_modules/check-error Completed in 1522ms
634 http fetch GET 200 https://registry.npmjs.org/binary-extensions/-/binary-extensions-2.3.0.tgz 1342ms (cache miss)
635 timing reifyNode:node_modules/binary-extensions Completed in 1524ms
636 http fetch GET 200 https://registry.npmjs.org/arg/-/arg-5.0.2.tgz 1341ms (cache miss)
637 timing reifyNode:node_modules/arg Completed in 1524ms
638 http fetch GET 200 https://registry.npmjs.org/scheduler/-/scheduler-0.23.2.tgz 1404ms (cache miss)
639 timing reifyNode:node_modules/function-bind Completed in 1536ms
640 timing reifyNode:node_modules/dequal Completed in 1536ms
641 timing reifyNode:node_modules/commander Completed in 1537ms
642 http fetch GET 200 https://registry.npmjs.org/braces/-/braces-3.0.3.tgz 1356ms (cache miss)
643 http fetch GET 200 https://registry.npmjs.org/ansi-regex/-/ansi-regex-5.0.1.tgz 1352ms (cache miss)
644 timing reifyNode:node_modules/ansi-regex Completed in 1537ms
645 http fetch GET 200 https://registry.npmjs.org/@vitest/pretty-format/-/pretty-format-2.1.9.tgz 1350ms (cache miss)
646 timing reifyNode:node_modules/@vitest/pretty-format Completed in 1538ms
647 http fetch GET 200 https://registry.npmjs.org/@types/babel__template/-/babel__template-7.4.4.tgz 1348ms (cache miss)
648 timing reifyNode:node_modules/@types/babel__template Completed in 1539ms
649 http fetch GET 200 https://registry.npmjs.org/semver/-/semver-6.3.1.tgz 1417ms (cache miss)
650 timing reifyNode:node_modules/semver Completed in 1550ms
651 http fetch GET 200 https://registry.npmjs.org/jsesc/-/jsesc-3.1.0.tgz 1396ms (cache miss)
652 timing reifyNode:node_modules/jsesc Completed in 1552ms
653 http fetch GET 200 https://registry.npmjs.org/has-tostringtag/-/has-tostringtag-1.0.2.tgz 1390ms (cache miss)
654 timing reifyNode:node_modules/get-proto Completed in 1551ms
655 http fetch GET 200 https://registry.npmjs.org/fastq/-/fastq-1.20.1.tgz 1386ms (cache miss)
656 http fetch GET 200 https://registry.npmjs.org/es-module-lexer/-/es-module-lexer-1.7.0.tgz 1382ms (cache miss)
657 http fetch GET 200 https://registry.npmjs.org/dunder-proto/-/dunder-proto-1.0.1.tgz 1380ms (cache miss)
658 http fetch GET 200 https://registry.npmjs.org/@vitest/spy/-/spy-2.1.9.tgz 1366ms (cache miss)
659 timing reifyNode:node_modules/@vitest/spy Completed in 1553ms
660 http fetch GET 200 https://registry.npmjs.org/@types/babel__core/-/babel__core-7.20.5.tgz 1362ms (cache miss)
661 timing reifyNode:node_modules/@types/babel__core Completed in 1554ms
662 http fetch GET 200 https://registry.npmjs.org/@nodelib/fs.walk/-/fs.walk-1.2.8.tgz 1353ms (cache miss)
663 http fetch GET 200 https://registry.npmjs.org/form-data/-/form-data-4.0.6.tgz 1401ms (cache miss)
664 timing reifyNode:node_modules/form-data Completed in 1566ms
665 http fetch GET 200 https://registry.npmjs.org/browserslist/-/browserslist-4.28.7.tgz 1386ms (cache miss)
666 http fetch GET 200 https://registry.npmjs.org/@vitejs/plugin-react/-/plugin-react-4.7.0.tgz 1377ms (cache miss)
667 http fetch GET 200 https://registry.npmjs.org/@types/estree/-/estree-1.0.9.tgz 1377ms (cache miss)
668 timing reifyNode:node_modules/@types/estree Completed in 1567ms
669 timing reifyNode:node_modules/scheduler Completed in 1578ms
670 timing reifyNode:node_modules/braces Completed in 1579ms
671 http fetch GET 200 https://registry.npmjs.org/agent-base/-/agent-base-7.1.4.tgz 1393ms (cache miss)
672 http fetch GET 200 https://registry.npmjs.org/@types/aria-query/-/aria-query-5.0.4.tgz 1387ms (cache miss)
673 timing reifyNode:node_modules/@types/aria-query Completed in 1579ms
674 http fetch GET 200 https://registry.npmjs.org/@rolldown/pluginutils/-/pluginutils-1.0.0-beta.27.tgz 1385ms (cache miss)
675 timing reifyNode:node_modules/@rolldown/pluginutils Completed in 1580ms
676 http fetch GET 200 https://registry.npmjs.org/@babel/helper-string-parser/-/helper-string-parser-7.29.7.tgz 1374ms (cache miss)
677 http fetch GET 200 https://registry.npmjs.org/whatwg-url/-/whatwg-url-14.2.0.tgz 1483ms (cache miss)
678 timing reifyNode:node_modules/whatwg-url Completed in 1591ms
679 http fetch GET 200 https://registry.npmjs.org/ws/-/ws-8.21.1.tgz 1455ms (cache miss)
680 timing reifyNode:node_modules/has-tostringtag Completed in 1592ms
681 http fetch GET 200 https://registry.npmjs.org/has-symbols/-/has-symbols-1.1.0.tgz 1430ms (cache miss)
682 timing reifyNode:node_modules/fastq Completed in 1592ms
683 timing reifyNode:node_modules/es-object-atoms Completed in 1592ms
684 timing reifyNode:node_modules/es-module-lexer Completed in 1592ms
685 timing reifyNode:node_modules/dunder-proto Completed in 1593ms
686 http fetch GET 200 https://registry.npmjs.org/@nodelib/fs.stat/-/fs.stat-2.0.5.tgz 1394ms (cache miss)
687 http fetch GET 200 https://registry.npmjs.org/@jridgewell/resolve-uri/-/resolve-uri-3.1.2.tgz 1393ms (cache miss)
688 http fetch GET 200 https://registry.npmjs.org/@csstools/css-calc/-/css-calc-2.1.4.tgz 1392ms (cache miss)
689 timing reifyNode:node_modules/@babel/helper-string-parser Completed in 1595ms
690 http fetch GET 200 https://registry.npmjs.org/@babel/helper-globals/-/helper-globals-7.29.7.tgz 1387ms (cache miss)
691 http fetch GET 200 https://registry.npmjs.org/@babel/helper-compilation-targets/-/helper-compilation-targets-7.29.7.tgz 1388ms (cache miss)
692 timing reifyNode:node_modules/browserslist Completed in 1614ms
693 timing reifyNode:node_modules/@vitejs/plugin-react Completed in 1614ms
694 timing reifyNode:node_modules/@jridgewell/resolve-uri Completed in 1614ms
695 http fetch GET 200 https://registry.npmjs.org/@babel/plugin-transform-react-jsx-source/-/plugin-transform-react-jsx-source-7.29.7.tgz 1409ms (cache miss)
696 timing reifyNode:node_modules/@babel/plugin-transform-react-jsx-source Completed in 1615ms
697 http fetch GET 200 https://registry.npmjs.org/@babel/helper-validator-identifier/-/helper-validator-identifier-7.29.7.tgz 1408ms (cache miss)
698 timing reifyNode:node_modules/agent-base Completed in 1626ms
699 http fetch GET 200 https://registry.npmjs.org/@csstools/css-tokenizer/-/css-tokenizer-3.0.4.tgz 1424ms (cache miss)
700 http fetch GET 200 https://registry.npmjs.org/@csstools/color-helpers/-/color-helpers-5.1.0.tgz 1422ms (cache miss)
701 timing reifyNode:node_modules/@csstools/css-calc Completed in 1627ms
702 http fetch GET 200 https://registry.npmjs.org/@babel/plugin-transform-react-jsx-self/-/plugin-transform-react-jsx-self-7.29.7.tgz 1421ms (cache miss)
703 timing reifyNode:node_modules/@babel/plugin-transform-react-jsx-self Completed in 1628ms
704 http fetch GET 200 https://registry.npmjs.org/@csstools/css-parser-algorithms/-/css-parser-algorithms-3.0.5.tgz 1424ms (cache miss)
705 timing reifyNode:node_modules/@babel/helper-globals Completed in 1627ms
706 timing reifyNode:node_modules/ws Completed in 1637ms
707 http fetch GET 200 https://registry.npmjs.org/nanoid/-/nanoid-3.3.16.tgz 1486ms (cache miss)
708 timing reifyNode:node_modules/has-symbols Completed in 1635ms
709 http fetch GET 200 https://registry.npmjs.org/expect-type/-/expect-type-1.4.0.tgz 1468ms (cache miss)
710 http fetch GET 200 https://registry.npmjs.org/electron-to-chromium/-/electron-to-chromium-1.5.395.tgz 1463ms (cache miss)
711 http fetch GET 200 https://registry.npmjs.org/@vitest/expect/-/expect-2.1.9.tgz 1446ms (cache miss)
712 http fetch GET 200 https://registry.npmjs.org/@types/babel__traverse/-/babel__traverse-7.28.0.tgz 1444ms (cache miss)
713 timing reifyNode:node_modules/@types/babel__traverse Completed in 1636ms
714 timing reifyNode:node_modules/@csstools/css-tokenizer Completed in 1635ms
715 http fetch GET 200 https://registry.npmjs.org/@csstools/css-color-parser/-/css-color-parser-3.1.0.tgz 1431ms (cache miss)
716 timing reifyNode:node_modules/@csstools/color-helpers Completed in 1636ms
717 http fetch GET 200 https://registry.npmjs.org/@babel/helper-validator-option/-/helper-validator-option-7.29.7.tgz 1429ms (cache miss)
718 timing reifyNode:node_modules/@csstools/css-parser-algorithms Completed in 1638ms
719 http fetch GET 200 https://registry.npmjs.org/@babel/compat-data/-/compat-data-7.29.7.tgz 1428ms (cache miss)
720 http fetch GET 200 https://registry.npmjs.org/chokidar/-/chokidar-3.6.0.tgz 1467ms (cache miss)
721 timing reifyNode:node_modules/chokidar Completed in 1645ms
722 timing reifyNode:node_modules/@babel/helper-validator-option Completed in 1647ms
723 http fetch GET 200 https://registry.npmjs.org/@babel/helper-plugin-utils/-/helper-plugin-utils-7.29.7.tgz 1438ms (cache miss)
724 timing reifyNode:node_modules/@babel/helper-plugin-utils Completed in 1646ms
725 http fetch GET 200 https://registry.npmjs.org/@nodelib/fs.scandir/-/fs.scandir-2.1.5.tgz 1446ms (cache miss)
726 http fetch GET 200 https://registry.npmjs.org/@babel/helper-module-imports/-/helper-module-imports-7.29.7.tgz 1438ms (cache miss)
727 http fetch GET 200 https://registry.npmjs.org/glob-parent/-/glob-parent-5.1.2.tgz 1434ms (cache miss)
728 timing reifyNode:node_modules/chokidar/node_modules/glob-parent Completed in 1650ms
729 http fetch GET 200 https://registry.npmjs.org/call-bind-apply-helpers/-/call-bind-apply-helpers-1.0.2.tgz 1477ms (cache miss)
730 http fetch GET 200 https://registry.npmjs.org/baseline-browser-mapping/-/baseline-browser-mapping-2.11.1.tgz 1475ms (cache miss)
731 timing reifyNode:node_modules/asynckit Completed in 1657ms
732 http fetch GET 200 https://registry.npmjs.org/@vitest/snapshot/-/snapshot-2.1.9.tgz 1470ms (cache miss)
733 http fetch GET 200 https://registry.npmjs.org/is-core-module/-/is-core-module-2.16.2.tgz 1446ms (cache miss)
734 http fetch GET 200 https://registry.npmjs.org/@alloc/quick-lru/-/quick-lru-5.2.0.tgz 1447ms (cache miss)
735 timing reifyNode:node_modules/@alloc/quick-lru Completed in 1658ms
736 timing reifyNode:node_modules/nanoid Completed in 1666ms
737 timing reifyNode:node_modules/expect-type Completed in 1665ms
738 timing reifyNode:node_modules/es-errors Completed in 1666ms
739 timing reifyNode:node_modules/electron-to-chromium Completed in 1666ms
740 http fetch GET 200 https://registry.npmjs.org/cac/-/cac-6.7.14.tgz 1485ms (cache miss)
741 timing reifyNode:node_modules/@vitest/expect Completed in 1667ms
742 timing reifyNode:node_modules/@csstools/css-color-parser Completed in 1667ms
743 timing reifyNode:node_modules/@babel/helper-validator-identifier Completed in 1667ms
744 http fetch GET 200 https://registry.npmjs.org/@babel/code-frame/-/code-frame-7.29.7.tgz 1456ms (cache miss)
745 timing reifyNode:node_modules/@babel/code-frame Completed in 1668ms
746 http fetch GET 200 https://registry.npmjs.org/fdir/-/fdir-6.5.0.tgz 1456ms (cache miss)
747 http fetch GET 200 https://registry.npmjs.org/xmlchars/-/xmlchars-2.2.0.tgz 1570ms (cache miss)
748 timing reifyNode:node_modules/xmlchars Completed in 1678ms
749 timing reifyNode:node_modules/baseline-browser-mapping Completed in 1675ms
750 http fetch GET 200 https://registry.npmjs.org/@vitest/runner/-/runner-2.1.9.tgz 1489ms (cache miss)
751 http fetch GET 200 https://registry.npmjs.org/glob-parent/-/glob-parent-5.1.2.tgz 1464ms (cache miss)
752 timing reifyNode:node_modules/fast-glob/node_modules/glob-parent Completed in 1680ms
753 http fetch GET 200 https://registry.npmjs.org/pretty-format/-/pretty-format-27.5.1.tgz 1545ms (cache miss)
754 timing reifyNode:node_modules/call-bind-apply-helpers Completed in 1684ms
755 timing reifyNode:node_modules/@vitest/snapshot Completed in 1685ms
756 timing reifyNode:node_modules/is-core-module Completed in 1690ms
757 http fetch GET 200 https://registry.npmjs.org/esbuild/-/esbuild-0.21.5.tgz 1525ms (cache miss)
758 timing reifyNode:node_modules/esbuild Completed in 1693ms
759 timing reifyNode:node_modules/cac Completed in 1694ms
760 timing reifyNode:node_modules/tinyglobby/node_modules/fdir Completed in 1700ms
761 http fetch GET 200 https://registry.npmjs.org/picomatch/-/picomatch-4.0.5.tgz 1481ms (cache miss)
762 timing reifyNode:node_modules/pretty-format Completed in 1703ms
763 http fetch GET 200 https://registry.npmjs.org/decimal.js/-/decimal.js-10.6.0.tgz 1527ms (cache miss)
764 timing reifyNode:node_modules/@vitest/runner Completed in 1701ms
765 timing reifyNode:node_modules/decimal.js Completed in 1709ms
766 timing reifyNode:node_modules/@babel/helper-module-imports Completed in 1710ms
767 timing reifyNode:node_modules/tinyglobby/node_modules/picomatch Completed in 1725ms
768 timing reifyNode:node_modules/@nodelib/fs.stat Completed in 1731ms
769 timing reifyNode:node_modules/@babel/compat-data Completed in 1739ms
770 timing reifyNode:node_modules/math-intrinsics Completed in 1746ms
771 http fetch GET 200 https://registry.npmjs.org/lz-string/-/lz-string-1.5.0.tgz 1598ms (cache miss)
772 http fetch GET 200 https://registry.npmjs.org/@babel/template/-/template-7.29.7.tgz 1545ms (cache miss)
773 timing reifyNode:node_modules/@babel/helper-compilation-targets Completed in 1751ms
774 http fetch GET 200 https://registry.npmjs.org/any-promise/-/any-promise-1.3.0.tgz 1575ms (cache miss)
775 http fetch GET 200 https://registry.npmjs.org/@vitest/mocker/-/mocker-2.1.9.tgz 1577ms (cache miss)
776 timing reifyNode:node_modules/lz-string Completed in 1772ms
777 http fetch GET 200 https://registry.npmjs.org/@vitest/utils/-/utils-2.1.9.tgz 1583ms (cache miss)
778 timing reifyNode:node_modules/@babel/template Completed in 1771ms
779 timing reifyNode:node_modules/any-promise Completed in 1778ms
780 http fetch GET 200 https://registry.npmjs.org/@babel/helper-module-transforms/-/helper-module-transforms-7.29.7.tgz 1570ms (cache miss)
781 http fetch GET 200 https://registry.npmjs.org/tr46/-/tr46-5.1.1.tgz 1662ms (cache miss)
782 timing reifyNode:node_modules/tr46 Completed in 1787ms
783 timing reifyNode:node_modules/@vitest/utils Completed in 1786ms
784 timing reifyNode:node_modules/@vitest/mocker Completed in 1786ms
785 http fetch GET 200 https://registry.npmjs.org/source-map-js/-/source-map-js-1.2.1.tgz 1665ms (cache miss)
786 timing reifyNode:node_modules/source-map-js Completed in 1797ms
787 http fetch GET 200 https://registry.npmjs.org/json5/-/json5-2.2.3.tgz 1644ms (cache miss)
788 timing reifyNode:node_modules/json5 Completed in 1799ms
789 http fetch GET 200 https://registry.npmjs.org/magic-string/-/magic-string-0.30.21.tgz 1647ms (cache miss)
790 timing reifyNode:node_modules/@babel/helper-module-transforms Completed in 1797ms
791 http fetch GET 200 https://registry.npmjs.org/rrweb-cssom/-/rrweb-cssom-0.7.1.tgz 1670ms (cache miss)
792 timing reifyNode:node_modules/rrweb-cssom Completed in 1804ms
793 http fetch GET 200 https://registry.npmjs.org/fraction.js/-/fraction.js-5.3.4.tgz 1639ms (cache miss)
794 timing reifyNode:node_modules/fraction.js Completed in 1804ms
795 timing reifyNode:node_modules/magic-string Completed in 1811ms
796 timing reifyNode:node_modules/@nodelib/fs.walk Completed in 1809ms
797 timing reifyNode:node_modules/@nodelib/fs.scandir Completed in 1810ms
798 http fetch GET 200 https://registry.npmjs.org/react/-/react-18.3.1.tgz 1682ms (cache miss)
799 http fetch GET 200 https://registry.npmjs.org/@jridgewell/sourcemap-codec/-/sourcemap-codec-1.5.5.tgz 1623ms (cache miss)
800 http fetch GET 200 https://registry.npmjs.org/@jridgewell/gen-mapping/-/gen-mapping-0.3.13.tgz 1626ms (cache miss)
801 http fetch GET 200 https://registry.npmjs.org/@jridgewell/remapping/-/remapping-2.3.5.tgz 1627ms (cache miss)
802 timing reifyNode:node_modules/react Completed in 1837ms
803 http fetch GET 200 https://registry.npmjs.org/postcss-selector-parser/-/postcss-selector-parser-6.1.4.tgz 1694ms (cache miss)
804 timing reifyNode:node_modules/@jridgewell/sourcemap-codec Completed in 1838ms
805 timing reifyNode:node_modules/@jridgewell/gen-mapping Completed in 1845ms
806 timing reifyNode:node_modules/@jridgewell/remapping Completed in 1845ms
807 timing reifyNode:node_modules/postcss-selector-parser Completed in 1852ms
808 http fetch GET 200 https://registry.npmjs.org/rrweb-cssom/-/rrweb-cssom-0.8.0.tgz 1660ms (cache miss)
809 timing reifyNode:node_modules/cssstyle/node_modules/rrweb-cssom Completed in 1889ms
810 http fetch GET 200 https://registry.npmjs.org/vite-node/-/vite-node-2.1.9.tgz 1799ms (cache miss)
811 http fetch GET 200 https://registry.npmjs.org/loupe/-/loupe-3.2.1.tgz 1773ms (cache miss)
812 timing reifyNode:node_modules/vite-node Completed in 1929ms
813 http fetch GET 200 https://registry.npmjs.org/@testing-library/react/-/react-16.3.2.tgz 1734ms (cache miss)
814 timing reifyNode:node_modules/loupe Completed in 1942ms
815 timing reifyNode:node_modules/@testing-library/react Completed in 1941ms
816 http fetch GET 200 https://registry.npmjs.org/@jridgewell/trace-mapping/-/trace-mapping-0.3.31.tgz 1782ms (cache miss)
817 http fetch GET 200 https://registry.npmjs.org/tough-cookie/-/tough-cookie-5.1.2.tgz 1864ms (cache miss)
818 http fetch GET 200 https://registry.npmjs.org/@adobe/css-tools/-/css-tools-4.5.0.tgz 1795ms (cache miss)
819 http fetch GET 200 https://registry.npmjs.org/iconv-lite/-/iconv-lite-0.6.3.tgz 1856ms (cache miss)
820 timing reifyNode:node_modules/@jridgewell/trace-mapping Completed in 2025ms
821 timing reifyNode:node_modules/tough-cookie Completed in 2032ms
822 timing reifyNode:node_modules/@adobe/css-tools Completed in 2035ms
823 timing reifyNode:node_modules/iconv-lite Completed in 2041ms
824 http fetch GET 200 https://registry.npmjs.org/fast-glob/-/fast-glob-3.3.3.tgz 1877ms (cache miss)
825 http fetch GET 200 https://registry.npmjs.org/postcss/-/postcss-8.5.22.tgz 1905ms (cache miss)
826 timing reifyNode:node_modules/fast-glob Completed in 2057ms
827 timing reifyNode:node_modules/postcss Completed in 2063ms
828 http fetch GET 200 https://registry.npmjs.org/react-router-dom/-/react-router-dom-6.30.4.tgz 1933ms (cache miss)
829 http fetch GET 200 https://registry.npmjs.org/dom-accessibility-api/-/dom-accessibility-api-0.5.16.tgz 1903ms (cache miss)
830 timing reifyNode:node_modules/react-router-dom Completed in 2081ms
831 http fetch GET 200 https://registry.npmjs.org/chai/-/chai-5.3.3.tgz 1900ms (cache miss)
832 http fetch GET 200 https://registry.npmjs.org/@testing-library/jest-dom/-/jest-dom-6.9.1.tgz 1884ms (cache miss)
833 timing reifyNode:node_modules/dom-accessibility-api Completed in 2085ms
834 timing reifyNode:node_modules/chai Completed in 2090ms
835 timing reifyNode:node_modules/@testing-library/jest-dom Completed in 2090ms
836 http fetch GET 200 https://registry.npmjs.org/lru-cache/-/lru-cache-10.4.3.tgz 1895ms (cache miss)
837 timing reifyNode:node_modules/@asamuzakjp/css-color/node_modules/lru-cache Completed in 2110ms
838 http fetch GET 200 https://registry.npmjs.org/dom-accessibility-api/-/dom-accessibility-api-0.6.3.tgz 1922ms (cache miss)
839 http fetch GET 200 https://registry.npmjs.org/react-router/-/react-router-6.30.4.tgz 2004ms (cache miss)
840 timing reifyNode:node_modules/react-router Completed in 2142ms
841 timing reifyNode:node_modules/@testing-library/jest-dom/node_modules/dom-accessibility-api Completed in 2149ms
842 http fetch GET 200 https://registry.npmjs.org/cssstyle/-/cssstyle-4.6.0.tgz 1976ms (cache miss)
843 timing reifyNode:node_modules/cssstyle Completed in 2165ms
844 http fetch GET 200 https://registry.npmjs.org/autoprefixer/-/autoprefixer-10.5.4.tgz 1993ms (cache miss)
845 timing reifyNode:node_modules/autoprefixer Completed in 2189ms
846 http fetch GET 200 https://registry.npmjs.org/@babel/generator/-/generator-7.29.7.tgz 1982ms (cache miss)
847 timing reifyNode:node_modules/@babel/generator Completed in 2202ms
848 http fetch GET 200 https://registry.npmjs.org/jiti/-/jiti-1.21.7.tgz 2160ms (cache miss)
849 http fetch GET 200 https://registry.npmjs.org/tldts-core/-/tldts-core-6.1.86.tgz 2199ms (cache miss)
850 timing reifyNode:node_modules/tldts-core Completed in 2326ms
851 http fetch GET 200 https://registry.npmjs.org/parse5/-/parse5-7.3.0.tgz 2179ms (cache miss)
852 timing reifyNode:node_modules/jiti Completed in 2339ms
853 http fetch GET 200 https://registry.npmjs.org/@babel/traverse/-/traverse-7.29.7.tgz 2132ms (cache miss)
854 timing reifyNode:node_modules/parse5 Completed in 2345ms
855 timing reifyNode:node_modules/@babel/traverse Completed in 2347ms
856 http fetch GET 200 https://registry.npmjs.org/entities/-/entities-6.0.1.tgz 2186ms (cache miss)
857 timing reifyNode:node_modules/entities Completed in 2365ms
858 http fetch GET 200 https://registry.npmjs.org/@babel/parser/-/parser-7.29.7.tgz 2156ms (cache miss)
859 timing reifyNode:node_modules/@babel/parser Completed in 2370ms
860 http fetch GET 200 https://registry.npmjs.org/@rollup/rollup-linux-x64-gnu/-/rollup-linux-x64-gnu-4.62.2.tgz 2190ms (cache miss)
861 timing reifyNode:node_modules/@rollup/rollup-linux-x64-gnu Completed in 2386ms
862 http fetch GET 200 https://registry.npmjs.org/@rollup/rollup-linux-x64-musl/-/rollup-linux-x64-musl-4.62.2.tgz 2207ms (cache miss)
863 timing reifyNode:node_modules/@rollup/rollup-linux-x64-musl Completed in 2403ms
864 http fetch GET 200 https://registry.npmjs.org/aria-query/-/aria-query-5.3.0.tgz 2285ms (cache miss)
865 timing reifyNode:node_modules/aria-query Completed in 2476ms
866 http fetch GET 200 https://registry.npmjs.org/@remix-run/router/-/router-1.23.3.tgz 2314ms (cache miss)
867 http fetch GET 200 https://registry.npmjs.org/rollup/-/rollup-4.62.2.tgz 2386ms (cache miss)
868 timing reifyNode:node_modules/@remix-run/router Completed in 2518ms
869 timing reifyNode:node_modules/rollup Completed in 2524ms
870 http fetch GET 200 https://registry.npmjs.org/resolve/-/resolve-1.22.12.tgz 2392ms (cache miss)
871 timing reifyNode:node_modules/resolve Completed in 2528ms
872 http fetch GET 200 https://registry.npmjs.org/@testing-library/dom/-/dom-10.4.1.tgz 2337ms (cache miss)
873 timing reifyNode:node_modules/@testing-library/dom Completed in 2538ms
874 http fetch GET 200 https://registry.npmjs.org/@asamuzakjp/css-color/-/css-color-3.2.0.tgz 2341ms (cache miss)
875 timing reifyNode:node_modules/@asamuzakjp/css-color Completed in 2559ms
876 http fetch GET 200 https://registry.npmjs.org/@babel/core/-/core-7.29.7.tgz 2356ms (cache miss)
877 timing reifyNode:node_modules/@babel/core Completed in 2572ms
878 http fetch GET 200 https://registry.npmjs.org/vitest/-/vitest-2.1.9.tgz 2469ms (cache miss)
879 timing reifyNode:node_modules/vitest Completed in 2585ms
880 http fetch GET 200 https://registry.npmjs.org/tldts/-/tldts-6.1.86.tgz 2474ms (cache miss)
881 timing reifyNode:node_modules/tldts Completed in 2603ms
882 http fetch GET 200 https://registry.npmjs.org/@babel/runtime/-/runtime-7.29.7.tgz 2397ms (cache miss)
883 timing reifyNode:node_modules/@babel/runtime Completed in 2605ms
884 http fetch GET 200 https://registry.npmjs.org/vite/-/vite-5.4.21.tgz 2496ms (cache miss)
885 timing reifyNode:node_modules/vite Completed in 2622ms
886 http fetch GET 200 https://registry.npmjs.org/@babel/helpers/-/helpers-7.29.7.tgz 2443ms (cache miss)
887 timing reifyNode:node_modules/@babel/helpers Completed in 2652ms
888 http fetch GET 200 https://registry.npmjs.org/react-dom/-/react-dom-18.3.1.tgz 2527ms (cache miss)
889 timing reifyNode:node_modules/react-dom Completed in 2670ms
890 http fetch GET 200 https://registry.npmjs.org/sucrase/-/sucrase-3.35.1.tgz 2554ms (cache miss)
891 timing reifyNode:node_modules/sucrase Completed in 2687ms
892 http fetch GET 200 https://registry.npmjs.org/@babel/types/-/types-7.29.7.tgz 2525ms (cache miss)
893 timing reifyNode:node_modules/@babel/types Completed in 2732ms
894 http fetch GET 200 https://registry.npmjs.org/@testing-library/user-event/-/user-event-14.6.1.tgz 2666ms (cache miss)
895 timing reifyNode:node_modules/@testing-library/user-event Completed in 2863ms
896 http fetch GET 200 https://registry.npmjs.org/tailwindcss/-/tailwindcss-3.4.19.tgz 2751ms (cache miss)
897 timing reifyNode:node_modules/tailwindcss Completed in 2881ms
898 http fetch GET 200 https://registry.npmjs.org/@esbuild/linux-x64/-/linux-x64-0.21.5.tgz 2693ms (cache miss)
899 timing reifyNode:node_modules/@esbuild/linux-x64 Completed in 2896ms
900 http fetch GET 200 https://registry.npmjs.org/jsdom/-/jsdom-25.0.1.tgz 2771ms (cache miss)
901 timing reifyNode:node_modules/jsdom Completed in 2927ms
902 http fetch GET 200 https://registry.npmjs.org/caniuse-lite/-/caniuse-lite-1.0.30001806.tgz 2763ms (cache miss)
903 timing reifyNode:node_modules/caniuse-lite Completed in 2942ms
904 timing reify:unpack Completed in 2948ms
905 timing reify:unretire Completed in 0ms
906 timing build:queue Completed in 8ms
907 timing build:link:node_modules/autoprefixer Completed in 6ms
908 timing build:link:node_modules/browserslist Completed in 6ms
909 timing build:link:node_modules/cssesc Completed in 6ms
910 timing build:link:node_modules/jsesc Completed in 6ms
911 timing build:link:node_modules/jiti Completed in 6ms
912 timing build:link:node_modules/esbuild Completed in 6ms
913 timing build:link:node_modules/json5 Completed in 5ms
914 timing build:link:node_modules/@babel/parser Completed in 7ms
915 timing build:link:node_modules/loose-envify Completed in 5ms
916 timing build:link:node_modules/lz-string Completed in 5ms
917 timing build:link:node_modules/nanoid Completed in 5ms
918 timing build:link:node_modules/rollup Completed in 5ms
919 timing build:link:node_modules/semver Completed in 5ms
920 timing build:link:node_modules/sucrase Completed in 5ms
921 timing build:link:node_modules/tldts Completed in 5ms
922 timing build:link:node_modules/tailwindcss Completed in 5ms
923 timing build:link:node_modules/update-browserslist-db Completed in 5ms
924 timing build:link:node_modules/vite-node Completed in 5ms
925 timing build:link:node_modules/vite Completed in 5ms
926 timing build:link:node_modules/vitest Completed in 6ms
927 timing build:link:node_modules/why-is-node-running Completed in 6ms
928 timing build:link:node_modules/baseline-browser-mapping Completed in 7ms
929 timing build:link:node_modules/resolve Completed in 6ms
930 timing build:link Completed in 8ms
931 info run esbuild@0.21.5 postinstall node_modules/esbuild node install.js
932 info run esbuild@0.21.5 postinstall { code: 0, signal: null }
933 timing build:run:postinstall:node_modules/esbuild Completed in 178ms
934 timing build:run:postinstall Completed in 178ms
935 timing build:deps Completed in 194ms
936 timing build Completed in 194ms
937 timing reify:build Completed in 195ms
938 timing reify:trash Completed in 3ms
939 timing reify Completed in 3244ms
940 silly ADD node_modules/yallist
941 silly ADD node_modules/xmlchars
942 silly ADD node_modules/xml-name-validator
943 silly ADD node_modules/ws
944 silly ADD node_modules/why-is-node-running
945 silly ADD node_modules/whatwg-url
946 silly ADD node_modules/whatwg-mimetype
947 silly ADD node_modules/whatwg-encoding
948 silly ADD node_modules/webidl-conversions
949 silly ADD node_modules/w3c-xmlserializer
950 silly ADD node_modules/vitest
951 silly ADD node_modules/vite-node
952 silly ADD node_modules/vite
953 silly ADD node_modules/util-deprecate
954 silly ADD node_modules/update-browserslist-db
955 silly ADD node_modules/ts-interface-checker
956 silly ADD node_modules/tr46
957 silly ADD node_modules/tough-cookie
958 silly ADD node_modules/to-regex-range
959 silly ADD node_modules/tldts-core
960 silly ADD node_modules/tldts
961 silly ADD node_modules/tinyspy
962 silly ADD node_modules/tinyrainbow
963 silly ADD node_modules/tinypool
964 silly ADD node_modules/tinyglobby
965 silly ADD node_modules/tinyglobby/node_modules/picomatch
966 silly ADD node_modules/tinyglobby/node_modules/fdir
967 silly ADD node_modules/tinyexec
968 silly ADD node_modules/tinybench
969 silly ADD node_modules/thenify-all
970 silly ADD node_modules/thenify
971 silly ADD node_modules/tailwindcss
972 silly ADD node_modules/symbol-tree
973 silly ADD node_modules/supports-preserve-symlinks-flag
974 silly ADD node_modules/sucrase
975 silly ADD node_modules/strip-indent
976 silly ADD node_modules/std-env
977 silly ADD node_modules/stackback
978 silly ADD node_modules/source-map-js
979 silly ADD node_modules/siginfo
980 silly ADD node_modules/semver
981 silly ADD node_modules/scheduler
982 silly ADD node_modules/saxes
983 silly ADD node_modules/safer-buffer
984 silly ADD node_modules/run-parallel
985 silly ADD node_modules/rrweb-cssom
986 silly ADD node_modules/rollup
987 silly ADD node_modules/reusify
988 silly ADD node_modules/resolve
989 silly ADD node_modules/redent
990 silly ADD node_modules/readdirp
991 silly ADD node_modules/read-cache
992 silly ADD node_modules/react-router-dom
993 silly ADD node_modules/react-router
994 silly ADD node_modules/react-refresh
995 silly ADD node_modules/react-is
996 silly ADD node_modules/react-dom
997 silly ADD node_modules/react
998 silly ADD node_modules/queue-microtask
999 silly ADD node_modules/punycode
1000 silly ADD node_modules/pretty-format
1001 silly ADD node_modules/postcss-value-parser
1002 silly ADD node_modules/postcss-selector-parser
1003 silly ADD node_modules/postcss-nested
1004 silly ADD node_modules/postcss-load-config
1005 silly ADD node_modules/postcss-js
1006 silly ADD node_modules/postcss-import
1007 silly ADD node_modules/postcss
1008 silly ADD node_modules/pirates
1009 silly ADD node_modules/pify
1010 silly ADD node_modules/picomatch
1011 silly ADD node_modules/picocolors
1012 silly ADD node_modules/pathval
1013 silly ADD node_modules/pathe
1014 silly ADD node_modules/path-parse
1015 silly ADD node_modules/parse5
1016 silly ADD node_modules/object-hash
1017 silly ADD node_modules/object-assign
1018 silly ADD node_modules/nwsapi
1019 silly ADD node_modules/normalize-path
1020 silly ADD node_modules/node-releases
1021 silly ADD node_modules/nanoid
1022 silly ADD node_modules/mz
1023 silly ADD node_modules/ms
1024 silly ADD node_modules/min-indent
1025 silly ADD node_modules/mime-types
1026 silly ADD node_modules/mime-db
1027 silly ADD node_modules/micromatch
1028 silly ADD node_modules/merge2
1029 silly ADD node_modules/math-intrinsics
1030 silly ADD node_modules/magic-string
1031 silly ADD node_modules/lz-string
1032 silly ADD node_modules/lru-cache
1033 silly ADD node_modules/loupe
1034 silly ADD node_modules/loose-envify
1035 silly ADD node_modules/lines-and-columns
1036 silly ADD node_modules/lilconfig
1037 silly ADD node_modules/json5
1038 silly ADD node_modules/jsesc
1039 silly ADD node_modules/jsdom
1040 silly ADD node_modules/js-tokens
1041 silly ADD node_modules/jiti
1042 silly ADD node_modules/is-potential-custom-element-name
1043 silly ADD node_modules/is-number
1044 silly ADD node_modules/is-glob
1045 silly ADD node_modules/is-extglob
1046 silly ADD node_modules/is-core-module
1047 silly ADD node_modules/is-binary-path
1048 silly ADD node_modules/indent-string
1049 silly ADD node_modules/iconv-lite
1050 silly ADD node_modules/https-proxy-agent
1051 silly ADD node_modules/http-proxy-agent
1052 silly ADD node_modules/html-encoding-sniffer
1053 silly ADD node_modules/hasown
1054 silly ADD node_modules/has-tostringtag
1055 silly ADD node_modules/has-symbols
1056 silly ADD node_modules/gopd
1057 silly ADD node_modules/glob-parent
1058 silly ADD node_modules/get-proto
1059 silly ADD node_modules/get-intrinsic
1060 silly ADD node_modules/gensync
1061 silly ADD node_modules/function-bind
1062 silly ADD
1063 silly ADD node_modules/fraction.js
1064 silly ADD node_modules/form-data
1065 silly ADD node_modules/fill-range
1066 silly ADD node_modules/fastq
1067 silly ADD node_modules/fast-glob
1068 silly ADD node_modules/fast-glob/node_modules/glob-parent
1069 silly ADD node_modules/expect-type
1070 silly ADD node_modules/estree-walker
1071 silly ADD node_modules/escalade
1072 silly ADD node_modules/esbuild
1073 silly ADD node_modules/es-set-tostringtag
1074 silly ADD node_modules/es-object-atoms
1075 silly ADD node_modules/es-module-lexer
1076 silly ADD node_modules/es-errors
1077 silly ADD node_modules/es-define-property
1078 silly ADD node_modules/entities
1079 silly ADD node_modules/electron-to-chromium
1080 silly ADD node_modules/dunder-proto
1081 silly ADD node_modules/dom-accessibility-api
1082 silly ADD node_modules/dlv
1083 silly ADD node_modules/didyoumean
1084 silly ADD node_modules/dequal
1085 silly ADD node_modules/delayed-stream
1086 silly ADD node_modules/deep-eql
1087 silly ADD node_modules/decimal.js
1088 silly ADD node_modules/debug
1089 silly ADD node_modules/data-urls
1090 silly ADD node_modules/cssstyle
1091 silly ADD node_modules/cssstyle/node_modules/rrweb-cssom
1092 silly ADD node_modules/cssesc
1093 silly ADD node_modules/css.escape
1094 silly ADD node_modules/convert-source-map
1095 silly ADD node_modules/commander
1096 silly ADD node_modules/combined-stream
1097 silly ADD node_modules/chokidar
1098 silly ADD node_modules/chokidar/node_modules/glob-parent
1099 silly ADD node_modules/check-error
1100 silly ADD node_modules/chai
1101 silly ADD node_modules/caniuse-lite
1102 silly ADD node_modules/camelcase-css
1103 silly ADD node_modules/call-bind-apply-helpers
1104 silly ADD node_modules/cac
1105 silly ADD node_modules/browserslist
1106 silly ADD node_modules/braces
1107 silly ADD node_modules/binary-extensions
1108 silly ADD node_modules/baseline-browser-mapping
1109 silly ADD node_modules/autoprefixer
1110 silly ADD node_modules/asynckit
1111 silly ADD node_modules/assertion-error
1112 silly ADD node_modules/aria-query
1113 silly ADD node_modules/arg
1114 silly ADD node_modules/anymatch
1115 silly ADD node_modules/any-promise
1116 silly ADD node_modules/ansi-styles
1117 silly ADD node_modules/ansi-regex
1118 silly ADD node_modules/agent-base
1119 silly ADD node_modules/@vitest/utils
1120 silly ADD node_modules/@vitest/spy
1121 silly ADD node_modules/@vitest/snapshot
1122 silly ADD node_modules/@vitest/runner
1123 silly ADD node_modules/@vitest/pretty-format
1124 silly ADD node_modules/@vitest/mocker
1125 silly ADD node_modules/@vitest/expect
1126 silly ADD node_modules/@vitejs/plugin-react
1127 silly ADD node_modules/@types/estree
1128 silly ADD node_modules/@types/babel__traverse
1129 silly ADD node_modules/@types/babel__template
1130 silly ADD node_modules/@types/babel__generator
1131 silly ADD node_modules/@types/babel__core
1132 silly ADD node_modules/@types/aria-query
1133 silly ADD node_modules/@testing-library/user-event
1134 silly ADD node_modules/@testing-library/react
1135 silly ADD node_modules/@testing-library/jest-dom
1136 silly ADD node_modules/@testing-library/jest-dom/node_modules/dom-accessibility-api
1137 silly ADD node_modules/@testing-library/dom
1138 silly ADD
1139 silly ADD
1140 silly ADD
1141 silly ADD
1142 silly ADD
1143 silly ADD
1144 silly ADD node_modules/@rollup/rollup-linux-x64-musl
1145 silly ADD node_modules/@rollup/rollup-linux-x64-gnu
1146 silly ADD
1147 silly ADD
1148 silly ADD
1149 silly ADD
1150 silly ADD
1151 silly ADD
1152 silly ADD
1153 silly ADD
1154 silly ADD
1155 silly ADD
1156 silly ADD
1157 silly ADD
1158 silly ADD
1159 silly ADD
1160 silly ADD
1161 silly ADD
1162 silly ADD
1163 silly ADD node_modules/@rolldown/pluginutils
1164 silly ADD node_modules/@remix-run/router
1165 silly ADD node_modules/@nodelib/fs.walk
1166 silly ADD node_modules/@nodelib/fs.stat
1167 silly ADD node_modules/@nodelib/fs.scandir
1168 silly ADD node_modules/@jridgewell/trace-mapping
1169 silly ADD node_modules/@jridgewell/sourcemap-codec
1170 silly ADD node_modules/@jridgewell/resolve-uri
1171 silly ADD node_modules/@jridgewell/remapping
1172 silly ADD node_modules/@jridgewell/gen-mapping
1173 silly ADD
1174 silly ADD
1175 silly ADD
1176 silly ADD
1177 silly ADD
1178 silly ADD
1179 silly ADD node_modules/@esbuild/linux-x64
1180 silly ADD
1181 silly ADD
1182 silly ADD
1183 silly ADD
1184 silly ADD
1185 silly ADD
1186 silly ADD
1187 silly ADD
1188 silly ADD
1189 silly ADD
1190 silly ADD
1191 silly ADD
1192 silly ADD
1193 silly ADD
1194 silly ADD
1195 silly ADD
1196 silly ADD node_modules/@csstools/css-tokenizer
1197 silly ADD node_modules/@csstools/css-parser-algorithms
1198 silly ADD node_modules/@csstools/css-color-parser
1199 silly ADD node_modules/@csstools/css-calc
1200 silly ADD node_modules/@csstools/color-helpers
1201 silly ADD node_modules/@babel/types
1202 silly ADD node_modules/@babel/traverse
1203 silly ADD node_modules/@babel/template
1204 silly ADD node_modules/@babel/runtime
1205 silly ADD node_modules/@babel/plugin-transform-react-jsx-source
1206 silly ADD node_modules/@babel/plugin-transform-react-jsx-self
1207 silly ADD node_modules/@babel/parser
1208 silly ADD node_modules/@babel/helpers
1209 silly ADD node_modules/@babel/helper-validator-option
1210 silly ADD node_modules/@babel/helper-validator-identifier
1211 silly ADD node_modules/@babel/helper-string-parser
1212 silly ADD node_modules/@babel/helper-plugin-utils
1213 silly ADD node_modules/@babel/helper-module-transforms
1214 silly ADD node_modules/@babel/helper-module-imports
1215 silly ADD node_modules/@babel/helper-globals
1216 silly ADD node_modules/@babel/helper-compilation-targets
1217 silly ADD node_modules/@babel/generator
1218 silly ADD node_modules/@babel/core
1219 silly ADD node_modules/@babel/compat-data
1220 silly ADD node_modules/@babel/code-frame
1221 silly ADD node_modules/@asamuzakjp/css-color
1222 silly ADD node_modules/@asamuzakjp/css-color/node_modules/lru-cache
1223 silly ADD node_modules/@alloc/quick-lru
1224 silly ADD node_modules/@adobe/css-tools
1225 timing command:ci Completed in 3432ms
1226 verbose exit 0
1227 timing npm Completed in 3490ms
1228 info ok
